{
  "iteration": 2,
  "wheel": 1,
  "pid": {
    "kp": 1.6875,
    "ki": 0.05,
    "kd": 0.0
  },
  "metrics": {
    "rise_time": 999,
    "settling_time": 4.0,
    "overshoot_pct": -6.333234684817994,
    "ss_error": 138.16666666666666,
    "ss_error_pct": 4.0889809608365395,
    "oscillations": 