:100000000148024B184700BF00000000000000003C
:1000100038B50C1A002C134605DD01462246184659
:10002000024DA8470346181938BD00BF0000000064
:10003000002810B506D001DA034B9847034BBDE802
:100040001040184710BD00BF000000000000000075
:10005000004B184700000000D0E901239B1A0269F9
:10006000B2EBA30F84BF00234375407D7047D0E9F6
:100070000132934218BF83600023036183820360CF
:10008000704710B5D0E901431B1BB1EBA30F3DBF77
:1000900054F821300068D218002038BF801810BDF5
:1000A00001213220004B18470000000001213220BE
:1000B000004B18470000000010B5034B9847BDE8FF
:1000C0001040024B184700BF000000000000000075
:1000D00010B50446006818B1A168024B091A984788
:1000E000204610BD0000000008B50248024B9847AA
:1000F00008BD00BF000000000000000008B5024875
:10010000024B984708BD00BF00000000000000003F
:1001100030B5836885B003930023D0E900420D68B1
:10012000CDE9014205604D6845608D688560C1E993
:1001300000338B6001A8024B984705B030BD00BF6B
:100140000000000010B5D0E901431B1BB1EBA30F69
:100150003DBF036854F82110D218002038BF505C0E
:1001600010BD000008B5D0E90132D31AB1EBA30FDE
:1001700015D2114B00229847030612D58F2812D9A9
:100180009F2812D9BF2812D9C02807D0C12805D06E
:10019000C3280ED9E02828BFE020C0B208BDC12086
:1001A000FCE70020FAE78020F8E79020F6E7A0209F
:1001B000F4E7C220F2E700BF0000000008B5024BE0
:1001C0000169984708BD00BF0000000008B5064B54
:1001D0009847902806D02430C0B201288CBF002058
:1001E000012008BD0120FCE70000000073B505698F
:1001F000D0E901639B1BB5EBA30F044603D3002397
:100200004375002016E0012343750D4B9847D22813
:1002100005F1010310D1236156F825002268031D62
:10022000134401A9024413F801099A4201F8010B91
:10023000F9D1019802B070BD002223616275E0E738
:100240000000000073B50569D0E901639B1BB5EBA5
:10025000A30F044604D3002343750020002118E0B7
:10026000012343750E4B9847D32805F1010312D1A2
:100270006946236156F82500226800F108031344FB
:10028000024413F801099A4201F8010BF9D1DDE9A2
:10029000000102B070BD002223616275DDE700BF7E
:1002A0000000000008B5064B9847802806D0223091
:1002B000C0B201288CBF0020012008BD0120FCE74E
:1002C0000000000008B5064B9847E02806D0303003
:1002D000C0B203288CBF0020012008BD0120FCE72C
:1002E0000000000008B5064B984730B13430C0B26A
:1002F00003288CBF0020012008BD0120FCE700BFBF
:100300000000000070B50569D0E901639B1BB5EBE7
:10031000A30F044603D300234375002011E00123FB
:1003200043750A4B9847D12805F101030AD123618F
:1003300056F825202368134498785B7863F30F20E0
:1003400000B270BD002223616275E6E70000000084
:1003500073B50569D0E901639B1BB5EBA30F044698
:1003600004D3002343759FED100A17E00123437562
:100370000E4B9847CA2805F1010311D1236156F8A5
:1003800025002268031D134401A9024413F8010942
:100390009A4201F8010BF9D19DED010A02B070BD3E
:1003A000002223616275DEE700000000000000000B
:1003B00073B50569D0E901639B1BB5EBA30F044638
:1003C00004D3002343759FED120B18E001234375FE
:1003D000114B9847CB2805F1010312D169462361DF
:1003E00056F82500226800F108031344024413F86C
:1003F00001099A4201F8010BF9D19DED000B02B001
:1004000070BD002223616275DDE700BFAFF300809D
:1004100000000000000000000000000038B5056981
:10042000D0E901239B1AB5EBA30F044603D30023A5
:10043000437500200EE001234375094B9847E028DF
:1004400005F1010307D12361002229462046054B0F
:10045000984740B238BD002223616275E9E700BFCA
:10046000000000000000000038B50569D0E9012354
:100470009B1AB5EBA30F044603D30023437500205A
:100480000DE001234375084B98476B1C024638B9B1
:10049000236129462046054B984700F07F0038BD70
:1004A000002223616275EAE70000000000000000FE
:1004B00070B50569D0E901239B1AB5EBA30F04467B
:1004C00003D30023437500200DE00126084B467539
:1004D0009847CC2805EB060306D12361324629460E
:1004E0002046044B984770BD002223616275EAE7FD
:1004F000000000000000000010B5D0E901431B1B04
:10050000B1EBA30F37BF54F821300020D218036895
:100510003FBF991848789B5C40EA032010BD00005B
:1005200070B50569D0E901239B1AB5EBA30F04460A
:1005300003D30023437500200DE00126084B4675C8
:100540009847CD2805EB060306D12361324629469C
:100550002046044B984770BD002223616275EAE78C
:10056000000000000000000013B5D0E901431B1B90
:10057000B1EBA30F10D254F8213001681A44131DB7
:100580000B4401A8114413F8012D8B4200F8012BF4
:10059000F9D1019802B010BD0020FBE738B5424BFD
:1005A00004460D469847002877D08038C3B2602BA8
:1005B00075D8602873D8DFE800F0707272727272BA
:1005C000727272727272727272727072727272720D
:1005D000727272727272727272723F72727272722E
:1005E00072727272727272727272727272727272EB
:1005F0007272727272727272727270727072484F2C
:10060000565D626935397431353974313539313374
:10061000373B3D484F56313531357000032038BDEA
:100620000420FCE70520FAE70620F8E70920F6E7B2
:100630000A20F4E71220F2E70022294620461B4B4D
:10064000984700F01F000130E9E7012229462046C3
:10065000164B98470230E2E7012229462046144B08
:1006600098470330DBE7012229462046114B984783
:100670000530D4E70122294620460C4BF0E7012241
:10068000294620460A4B98470430C8E701222946EC
:100690002046084B98470630C1E70120BFE70020FD
:1006A000BDE70220BBE700BF000000000000000023
:1006B000000000000000000070B50569D0E90123CA
:1006C0009B1AB5EBA30F044603D300234375002008
:1006D00013E00126124B46759847DC2805EB06030C
:1006E0000CD0DD2811D0902815D123610022294695
:1006F00020460C4B984700F00F0070BD324629464B
:1007000020462361084B9847F7E723613246294684
:100710002046064BF7E7002223616275D7E700BF4A
:1007200000000000000000000000000000000000C9
:1007300038B5037D04460D461BB1D0E901239A422A
:1007400002D10023637538BD9B1A0269B2EBA30F77
:10075000F7D2054B98472860637D002BF3D02046E5
:10076000024B9847EFE700BF0000000000000000C8
:1007700070B50569D0E901239B1AB5EBA30F0446B8
:1007800003D30023437500200DE00126084B467576
:100790009847CE2805EB060306D123613246294649
:1007A0002046044B984770BD002223616275EAE73A
:1007B000000000000000000070B50569D0E90123C9
:1007C0009B1AB5EBA30F044603D300234375002007
:1007D00013E00126124B46759847DE2805EB060309
:1007E0000CD0DF2811D0802815D1236100222946A2
:1007F00020460C4B984700F00F0070BD324629464A
:1008000020462361084B9847F7E723613246294683
:100810002046064BF7E7002223616275D7E700BF49
:1008200000000000000000000000000000000000C8
:1008300013B5D0E901431B1BB1EBA30F12D254F83F
:100840002130016868461A4402F108030B44114440
:1008500013F8012D8B4200F8012BF9D1DDE90001DD
:1008600002B010BD00200021FAE7000070B5056954
:10087000D0E901239B1AB5EBA30F044604D3002350
:100880004375002001460DE00126094B4675984747
:10089000CF2805EB060306D12361324629462046C0
:1008A000044B984770BD002223616275E9E700BFE1
:1008B000000000000000000010B5D0E901431B1B40
:1008C000B1EBA30F3DBF036854F82110D2180020EC
:1008D00038BF505610BD000070B50569D0E901233E
:1008E0009B1AB5EBA30F044603D3002343750020E6
:1008F0000DE00126084B46759847D02805EB060306
:1009000006D12361324629462046044B984770BDE4
:10091000002223616275EAE7000000000000000089
:1009200010B5084B04469847D62808D1064B01223B
:10093000204621699847431C5842584110BD002069
:10094000FCE700BF000000000000000010B5084BED
:1009500004469847D72808D1064B01222046216932
:100960009847431C5842584110BD0020FCE700BF87
:10097000000000000000000038B50C4B044698470A
:10098000C72811D12569022229462046084B9847DD
:10099000013009D1074B0122294620469847A0F192
:1009A0000C035842584138BD0020FCE7000000000D
:1009B000000000000000000010B5D0E901431B1B3F
:1009C000B1EBA30F3DBF036854F82110D2180020EB
:1009D00038BF505C10BD00002DE9F043037D044694
:1009E0000E4685B01BB1D0E90123934205D1002307
:1009F0006375002005B0BDE8F08305699B1AB5EB6F
:100A0000A30FF4D20127464B47759847DA28454B88
:100A10006CD00BD8A02824D0D9284DD00022013585
:100A200041496275256101A898472FE0DB28F5D17F
:100A30003D4901A898473A46204621693B4B9847D3
:100A400000250746DFF8FC80DFF8FC90AF42216903
:100A50001AD06A1D2046C047014601A8C847013583
:100A6000F4E7314901A89847002220462169304B1C
:100A700098470025DFF8CC80DFF8CC9000F01F0706
:100A8000EBB29F4221690FD801312161294B01A9A5
:100A900030469847284B01A89847637D002BA8D083
:100AA0002046264B9847A5E701352A462046C047F1
:100AB000014601A8C847E3E71B4901A898473A4601
:100AC000204621691A4B984700250746DFF87480B5
:100AD000DFF87490EBB2BB422169D5D2AA1C204644
:100AE000C047014601A8C8470135F3E70E4901A8F0
:100AF00098473A4620462169114B984700250746FA
:100B0000DFF84080DFF84090ABB29F422169BBD94B
:100B1000EA1C2046C047014601A8C8470135F3E753
:100B200000000000000000002C0200000000000097
:100B300000000000000000000000000000000000B5
:100B40000000000000000000000000002DE9F0415E
:100B5000037D04460E461BB1D0E90123934204D124
:100B6000002363750020BDE8F08107699B1AB7EB8D
:100B7000A30FF5D2012343751F4B984707F10108D6
:100B800090B11E4B022239462046C4F81080984787
:100B900000231D46C6E90003B560637D002BE1D04C
:100BA0002046174B9847DEE72046164B984750B132
:100BB000154B022239462046C4F8108098478D080C
:100BC00001F00303E6E72046104B9847054670B155
:100BD00003223946094B204698470B4B054607220E
:100BE00039462046C4F8108098470B46D2E70346A2
:100BF0006075C4F81080CDE7000000000000000020
:100C000000000000000000000000000000000000E4
:100C100010B50446006818B1A168024B091A98473C
:100C2000204610BD0000000010B50446064B00F53C
:100C300096709847054B04F58C709847044B04F563
:100C400086709847204610BD00000000000000009C
:100C5000000000002DE9F84F6FF06043D0E9008AF2
:100C60001546AAEB0802B3EBA20F074689464FEAE6
:100C7000A20402D12748284B9847C24514BF2246F8
:100C80000122A418A1EB080B2BD264B39C4228BF0D
:100C90001C46224BA00098470646214B042006EB39
:100CA0000B0198472B68BBF1000F03600BF10405A3
:100CB000AAEB090A19DD5A4641463046194B9847B6
:100CC0007019BAF1000F00EB0A0503DD52464946E0
:100CD000154B9847B9684046144BA1EB080198475B
:100CE00010E01C46D5E72646D7E7BAF1000F354499
:100CF00004DD5246494628460B4B98475544B8F107
:100D0000000FE7D1C7E9006506EB8406BE60BDE8C9
:100D1000F88F00BF18030000000000000000000072
:100D200000000000000000000000000000000000C3
:100D30002DE9F743044616460025184FDFF860807A
:100D4000DFF860900160AE42A16801950FD863683A
:100D500051F8045CC91A891020460139B847284463
:100D6000831B58425841207503B0BDE8F083E36807
:100D70008B420ED00420C8470560A3680433A360EB
:100D8000D4E90131C91A891020460139B847054410
:100D9000D9E7194601AA201DC047F1E7000000006D
:100DA000000000000000000010B504461046D4E921
:100DB00000236FF000449B1AE21A8A4201D2074BCB
:100DC0009847994238BF19465B1804D2A34228BFFE
:100DD0002346184610BD2046FCE700BF0000000077
:100DE0002DE9F047D0E901739F4204468846DFF8B9
:100DF00078A00AD039460120D04798F80030037017
:100E0000636801336360BDE8F087134A0121134B27
:100E10009847134B266881469847B91B01440546FD
:100E20000120D04798F80030394603702A46DFF891
:100E30003C803046C0473946421C3846C0470746CA
:100E400026B1A1683046074B891B9847C4E9005773
:100E50004D44A560D7E700BF180300000000000064
:100E60000000000000000000000000000000000082
:100E700007B5044B8DF807100DF10701984703B033
:100E80005DF804FB000000002DE9F047D0E9017394
:100E90009F4204468846DFF878A00AD039460120F0
:100EA000D04798F800300370636801336360BDE891
:100EB000F087134A0121134B9847134B266881464C
:100EC0009847B91B014405460120D04798F80030E7
:100ED000394603702A46DFF83C803046C047394621
:100EE000421C3846C047074626B1A1683046074B2A
:100EF000891B9847C4E900574D44A560D7E700BF58
:100F000018030000000000000000000000000000C6
:100F1000000000000000000037B504460D46074BF6
:100F2000CC2198472046064B0DF107018DF807505C
:100F30009847E3680133E36003B030BD0000000070
:100F4000000000002DE9F047D0E901739F420446FC
:100F50008846DFF878A00AD039460120D04798F8B3
:100F600000300370636801336360BDE8F087134AA3
:100F70000121134B9847134B266881469847B91BAC
:100F8000014405460120D04798F8003039460370E7
:100F90002A46DFF83C803046C0473946421C384676
:100FA000C047074626B1A1683046074B891B9847C2
:100FB000C4E900574D44A560D7E700BF18030000FF
:100FC0000000000000000000000000000000000021
:100FD00000000000F8B505460E460324034F311902
:100FE0002846B847013CFAD2F8BD00BF0000000017
:100FF00013B504460191064BCE2198472046054B78
:1010000001A99847E3680133E36002B010BD00BF57
:10101000000000000000000070B505460C46044EBC
:101020000131B047214628463346BDE87040184795
:10103000000000000F2913B504460BD861F06F01C2
:101040008DF804100D4B01A99847E3680133E36064
:1010500002B010BDB1F5803F094B08D2ADF80410C5
:10106000DC2198472046074B01A99847EDE70191FD
:10107000DD2198472046044B01A9F6E70000000057
:1010800000000000000000000000000013B504464E
:10109000ADF80610064BCD2198472046054B0DF1C3
:1010A00006019847E3680133E36002B010BD00BF5A
:1010B000000000000000000073B50C1E054621DB97
:1010C0007E2C08DC8DF8044001A9234B9847EB687F
:1010D0000133EB6008E0E317B4F5807F73F10002A1
:1010E00004D21E4BE1B2984702B070BDB4F5803F08
:1010F00073F1000303D21A4BA1B29847F4E7194BDE
:101100009847F1E714F11E0FDCDA14F1800F164B4B
:1011100006DBD021984728468DF8044001A9D4E782
:1011200014F5004F114E0BDBD121ADF80440984768
:1011300028460DF10501B047284601A9B047C6E78A
:101140000194D2219847032401AB19192846B047CE
:10115000013CF9D2BBE700BF000000000000000026
:10116000000000000000000000000000000000007F
:101170002DE9F84F04460D46DFF88CA001EB020B79
:10118000AB4501D1BDE8F88FD4E90183984509D07A
:1011900041460120D0472B780370636801336360B8
:1011A0000135EDE7134A0121134B20469847134BB5
:1011B000276881469847A8EB0701014406460120AD
:1011C000D0472B784146037032460D4B384698473E
:1011D0004146421C0A4B40469847804627B1A168C9
:1011E0003846084BC91B9847C4E900684E44A660BE
:1011F000D6E700BF18030000000000000000000058
:1012000000000000000000000000000038B5056983
:10121000D0E901239B1AB5EBA30F044603D30023A7
:10122000437500201CE001234375214B984728B3E8
:1012300000F13403DBB2142B35D8CC38142832D863
:10124000DFE800F01F22252B0F1215183131313144
:1012500031313131313131310B002046154B984756
:1012600038BD2046144BFAE72046144BF7E72046DA
:10127000134BF4E72046134B9847F1E72046124BF7
:10128000EDE72046114BEAE72046114BE7E7204601
:10129000104B984720EAE070E2E720460E4B984753
:1012A0000029DDDABDE70023013563752561B8E764
:1012B000000000000000000000000000000000002E
:1012C000000000000000000000000000000000001E
:1012D00000000000000000000000000038B5037DA1
:1012E00004460D461BB1D0E90123934203D10023EC
:1012F0006375002038BD9B1A0269B2EBA30FF6D2CA
:10130000044B98472860637D002BF2D02046024BA7
:101310009847EFE7000000000000000038B50569BD
:10132000D0E901239B1AB5EBA30F044604D3002395
:1013300043759FED2F0A21E0012343752D4B9847FC
:10134000A8B100F13603DBB2162B4BD8CA381628E9
:1013500048D8DFE800F03B3F14171A1D2D30333614
:10136000474747474747474747474747250020469E
:10137000214B984700EE100AB8EE400A38BD2046CF
:101380001E4BF6E720461E4BF3E720461D4BF0E7C9
:101390001D4B204698471D4B984700EE100AEDE77D
:1013A00020461B4B984700EE100AB8EEC00AE5E74E
:1013B0002046184BF6E72046174BF3E72046174B1D
:1013C000F0E7174B20469847164BE5E72046164BAB
:1013D0009847D3E72046154B9847154B51EC100B17
:1013E0009847DAE70023013563752561A1E700BF5F
:1013F00000000000000000000000000000000000ED
:1014000000000000000000000000000000000000DC
:1014100000000000000000000000000000000000CC
:1014200000000000000000000000000000000000BC
:10143000000000000000000038B50569D0E9012374
:101440009B1AB5EBA30F044604D3002343759FED0D
:101450002C0B21E0012343752B4B9847A8B100F1D9
:101460003603DBB2162B46D8CA38162843D8DFE835
:1014700000F0363E14171A1D282B2E3142424242EC
:101480004242424242424242230020461F4B98477A
:101490001F4B984741EC100B38BD20461D4BF6E71B
:1014A00020461D4BF3E720461C4BF0E71C4B204623
:1014B00098471C4B9847EDE720461B4B98471B4B22
:1014C000E7E720461A4BF9E720461A4BF6E7204695
:1014D000194BF3E7194B20469847194BEAE720468A
:1014E000184B9847184B10EE100A9847D2E7204641
:1014F000164B9847D0E70023013563752561A6E7B1
:1015000000000000000000000000000000000000DB
:1015100000000000000000000000000000000000CB
:1015200000000000000000000000000000000000BB
:1015300000000000000000000000000000000000AB
:10154000000000000000000000000000000000009B
:101550002DE9F7430F69D1E901239B1AB7EBA30FDC
:1015600006460D4608D300234B75C0E9003383605F
:10157000304603B0BDE8F0834FF001080846344B15
:1015800081F815809847C5284FF0000421D0C6285F
:101590003BD0C42854D1C6E90044B4604246284632
:1015A0002969DFF8B880C0470746DFF8B490E3B296
:1015B0009F42296902D801312961D9E7A21C284636
:1015C000C0470DF107018DF807003046C8470134C8
:1015D000EDE7C6E90044B4604246284629691D4B40
:1015E00098470746DFF87480DFF87490A3B2BB42D7
:1015F0002969E0D2E21C2846C0470DF107018DF8A9
:1016000007003046C8470134F0E7C6E90044B4603B
:10161000424628462969104B98470746DFF83C8028
:10162000DFF83C90A7422969C5D0621D2846C04713
:101630000DF107018DF807003046C8470134F1E786
:1016400001376C752F61C6E90044B46090E700BFB4
:10165000000000000000000000000000000000008A
:101660000000000070B5037D04460E4615461BB110
:10167000D0E90123934203D100236375002070BD9C
:101680009B1A0269B2EBA30FF6D2054B9847306064
:10169000637D002BF2D029462046024B9847EEE7A7
:1016A0000000000000000000F8B5037D06460D466E
:1016B00014461BB1D0E90123934203D10023737573
:1016C0000020F8BD07699B1AB7EBA30FF6D20123E0
:1016D0004375164B984758B100F13403DBB2032B26
:1016E0001FD8CD3802280FD8DFE800F011141700FA
:1016F00030460F4B98472860737D002BE0D0214681
:1017000030460C4B9847DCE730460B4BF2E730464F
:101710000A4BEFE730460A4BECE73046094B984757
:10172000E9E70020013770753761E4E70000000049
:1017300000000000000000000000000000000000A9
:101740000000000000000000F0B5D0F80051044691
:1017500087B01DB90025284607B0F0BD00F5947686
:1017600030461E4B98472A46214630461C4B984728
:101770000028EFD01B491C4B03A8984700236A465A
:1017800002933046194B02A99847054620B9002517
:10179000174B03A89847DEE7009FA7B9029B042BCD
:1017A000F5D13046134B03AA01A998470028EED083
:1017B000114B03A904F586709847019BC4F8047186
:1017C000C4F80831E4E7022FE1D1029B032BDED1FC
:1017D00030460A4B03A99847E8E700BF0000000025
:1017E000000000002C0200000000000000000000CB
:1017F00000000000000000000000000000000000E9
:101800002DE9F04F674B064689B008460C469847CD
:1018100004F5867704F59478C0B94FF0FF33624938
:10182000C4E94130C4F80001604B38469847604B2A
:1018300040469847D4E94632934218BFC4F81C3159
:101840000023C4F8243109B0BDE8F08FD4E9463252
:10185000934218BFC4F81C310023C4F82431D4F8D3
:10186000043104F58C75B3B904212846514B9847CF
:1018700001212846504B9847D4F808117E294DD8AD
:101880004E4B8DF81010284604A99847D4F82431FF
:101890000133C4F824314FF00009DFF848B106F1F4
:1018A000040AD6F8F43A394699454AD3444B01A87C
:1018B0009847FE2301A9049305A8424B98470221AB
:1018C00028463C4B9847284604993B4B9847079F2E
:1018D000DDF814901F2FDFF810813B4E45D867F0DC
:1018E0005F038DF8003069462846344B98473A46E6
:1018F00049462846C047D4F82431C0210133284640
:10190000C4F82431B047D4F8243105A80133C4F811
:1019100024312E4CA04701A8A04794E7FF2904D802
:1019200028462B4BC9B29847B5E7B1F5803F04D2A2
:101930002846284B89B29847ADE72846264B98475A
:10194000A9E75046D8470AF11C0A58B11C232A4679
:10195000414603FB0963D86903689B6809B0BDE889
:10196000F04F184709F101099BE7FF2F05D8D9214E
:101970002846B0478DF80070B5E7B7F5803F09D22B
:10198000DA212846B04769462846144BADF8007066
:101990009847ACE7DB212846B04769462846104BFC
:1019A0000097F5E7000000002C0200000000000096
:1019B0000000000000000000000000000000000027
:1019C0000000000000000000000000000000000017
:1019D0000000000000000000000000000000000007
:1019E000000000000000000000000000034670B589
:1019F00008465418D3F804148C421DD8B8B16FF0BF
:101A000003060432091A1A44F61AB518A9420FD867
:101A1000D3F81024C3F8041494428DBF0022121A84
:101A2000C3F81024C3F8102488BFC3F8142470BD71
:101A3000155C02F8015BE8E70020F8E710B5094BF8
:101A40000022D0F80C14044698474FF0FF33C4F836
:101A500008340023C4F80C34D4F81C340133C4F81F
:101A60001C3410BD000000002DE9F041D1F80C84B9
:101A70000546B8F1030F0E462B4F8CB006D828460A
:101A80002A49B84728460CB0BDE8F081D1F808448F
:101A900034F00204F3D1264B06A8CDE90644CDE983
:101AA00008440A94ADF82C4098474246214B311D1A
:101AB00006A8984748B930461F4B984728461B4907
:101AC000B8471E4B07A89847DCE7184903A8B84752
:101AD0006A461B4B01A906A80194984748B93046AD
:101AE000154B984728461149B847164B03A8984705
:101AF000E7E7009B73B9019B042BF0D1124B03AABB
:101B000002A906A898470028E9D028460F4B03A948
:101B10009847EAE7022BE2D1019B032BDFD10C4B64
:101B200003A906A89847EEE7000000002C02000079
:101B300000000000000000000000000000000000A5
:101B40000000000000000000000000000000000095
:101B50000000000038B50C1A134605D00146224695
:101B60001846024DA8470346181938BD000000006A
:101B700038B50C1A134605D0014622461846024DC8
:101B8000A8470346181938BD000000002DE9F74F9B
:101B90009846002308F1010A9A45044689461746EB
:101BA000C0E90033836002DA2F48304B984713D0E6
:101BB0002F4B5046984726680546024661683046D6
:101BC0002C4B984726B1A16830462B4B891B984770
:101BD000C4E900555544A5602046284B0DF1070186
:101BE00007EB080B8DF807909847BB4516D0D4E952
:101BF00001639B1B9845DFF890A0DFF8909011D807
:101C0000324659463846D04762683146424462609F
:101C10003046C847324639463846D047204603B09A
:101C2000BDE8F08F4146164A164B20469847104BA8
:101C3000804698473146024605462068C8475946BF
:101C400002463846D047616802463046C8470646D5
:101C5000206818B1A168084B091A9847C4E90056D2
:101C60004544A560DAE700BF040200000000000060
:101C70000000000000000000000000000000000064
:101C8000140200000000000000000000000000003E
:101C90002DE9F8430D69D1E901239B1AB5EBA30F98
:101CA00006460C4605D300234B75C6E90033B360E6
:101CB00026E0012308464B754C4B9847C7386F1CEC
:101CC000112800F28F80DFE800F05A6F7E8D8D8D35
:101CD0008D8D8D8D8D8D8D091E2D3C4B01222946BC
:101CE000434B204698470222424B804629462046D5
:101CF0002761984701230246414630463E4CA047A3
:101D00003046BDE8F88301222946394B20469847E2
:101D10000222384B804629462046276198470223F5
:101D20000246E9E701222946314B20469847022224
:101D3000304B8046294620462761984704230246B7
:101D4000DAE7012229462A4B204698470222294BEE
:101D50008046294620462761984708230246CBE75C
:101D600001222946224B204698470222214B8046D9
:101D7000294620462761984710230246BCE70122E6
:101D800029461E4B20469847022281462946204676
:101D9000174B9847032280462761164B2946204659
:101DA00098474B460246A7E701222946144B204696
:101DB000984703228146294620460D4B9847042226
:101DC00080462761E9E7012229460E4B20469847C5
:101DD0000522814629462046054B98470622804623
:101DE0002761DAE70023276163755EE700000000E2
:101DF00000000000000000000000000000000000E3
:101E000000000000000000002DE9FF41874F04465C
:101E1000B847C028054625D1257D1DB1D4E9012349
:101E20009A4205D100236375002004B0BDE8F0811B
:101E300026699B1AB6EBA30FF4D2012320466375E3
:101E4000B847C02818BF0025794B06F1010618BF16
:101E5000657526611D70637D002BE5D02046754BAE
:101E60009847E2E7C22822D1237D002BDAD0D4E9BB
:101E700001239A42D6D025699B1AB5EBA30FD1D284
:101E8000012320466375B847C22805F101030AD132
:101E90002361002229462046674B984700F0010045
:101EA000664B1870D7E7002023616075F8E720467D
:101EB000634B984718B92046624B984720B120469B
:101EC0006149624B9847B0E7CA2D12D1237D002BA0
:101ED000A8D0D4E901239A42A4D09B1A2269B2EB7C
:101EE000A30F9FD25A4B204698475A4B83ED000AC6
:101EF000B1E7CB2D12D1237D002B93D0D4E9012360
:101F00009A428FD09B1A2269B2EBA30F8AD2524B0E
:101F100020469847514B83ED000B9CE7A02D1FD026
:101F200005F12703DBB2022B1AD905F13C03DBB222
:101F3000022B26D920464A4B98470646002852D005
:101F40000025484B2046019501A998472B46464F4E
:101F5000DFF86C813B60019B9D423BD3304664E7D8
:101F6000424D2B68DA0708D4414B42494248984712
:101F7000012342482B60424B984720463E49414B43
:101F8000A0E741490B68DB0709D400223F4B4048DA
:101F9000C3E900229A6001230B60394B9847237DE7
:101FA000002B3FF43FAFD4E901239A423FF43AAF0C
:101FB0009B1A2269B2EBA30FBFF434AF214601A8EC
:101FC000344B9847314801A9334B9847334B01A80C
:101FD000984740E72046C04700283FF426AF3B68BB
:101FE00001350133B6E720462D4B984718B12046FE
:101FF0002C492D4B66E705F12C03DBB2042B61D98C
:102000003935EDB2022D5DD92046284B984748B9A5
:102010002046274B984728B92046264B984700284A
:102020003FF402AF20462449244B4BE70000000058
:1020300000000000000000000000000000000000A0
:102040000000000000000000000000000000000090
:102050000000000000000000000000000000000080
:102060000000000000000000000000000000000070
:10207000000000002C020000000000000000000032
:102080000000000000000000000000000000000050
:102090000000000000000000000000000000000040
:1020A0000000000000000000000000000000000030
:1020B0000000000000000000000000000000000020
:1020C0000000000011490B6813F0010308D1104A09
:1020D0001048C2E90033936001230B600E4B984710
:1020E000237D002B3FF49EAED4E901239A423FF4B6
:1020F00099AE9B1A2269B2EBA30FBFF493AE2146AF
:1021000001A8064B9847024801A95DE700000000BE
:1021100000000000000000000000000000000000BF
:102120002DE9F04FD0F80C340546032B89B05ED969
:10213000D0F81434002B6FD1D0F8107400244FF075
:10214000FF38CDE90244CDE9044405F10409DFF884
:1021500000A10694ADF81C40B944D5F804243B19FD
:102160009A4256D902A80134D04722464946304BFC
:1021700002A898470028F0D02E4B02A898470028C4
:10218000EBD000236946009302A82B4B9847009E92
:10219000D6B12A4B02A8984718B9294B02A89847EC
:1021A00038B3284B01A902A89847012EDDF8048016
:1021B0000AD00126DFF89CB002A8D8470028CCD06E
:1021C000009B01369E42F7D3B8F1020F17D814D006
:1021D000042E14D11FB9C5F80884C5F80C44B8F111
:1021E000010F21D1C5F81074C5F8144411E000277F
:1021F000A4E706466FF00108DCE7032E0FD0124B70
:102200003A46214628469847D5F81C340133C5F88C
:102210001C340E4B03A8984709B0BDE8F08F1FB9D6
:10222000C5F80884C5F80C443C44C5F81044F0E7F0
:10223000000000000000000000000000000000009E
:10224000000000000000000000000000000000008E
:1022500000000000000000002DE9F043046806467D
:10226000206885B003680D465B699046984790B139
:10227000D4F80434B3F5806F0DD0214651F8040B27
:1022800002681944D768C3F58062B847D4F80434AB
:102290000344C4F804342046264B98473168264B43
:1022A00001A898472549264B01A89847044630B90C
:1022B000DFF89890371DD6F8F43A9C4207D30024F3
:1022C000204B01A89847204605B0BDE8F08338466A
:1022D00001A9C84710B901341C37ECE7414607F1A2
:1022E0000C00C8470028F6D03068D0F8083433F026
:1022F00002031CD1D0F80C140A1FFC2A17D82B4655
:10230000C21C6C1812F8016F03F8016BA342F9D1DB
:102310004FF0FF330022C0F80834C0F80C240A4BF9
:102320009847041E18BF0124C5F80001C8E7002023
:10233000F7E700BF00000000000000002C020000D2
:10234000000000000000000000000000000000008D
:102350002DE9F0430546D5B000F1100864220023B2
:102360004046334FB8470446002831D14FF48072BD
:102370000146304B04A898474FF0FF332E4E2F49AB
:1023800047A8CDE945344494B047CDE94A44CDE966
:102390004C44CDE94E44CDE950445294ADF84C4103
:1023A0006C68274901A8B0472046264B01AA04A91A
:1023B00098470446244B01A89847244E404654B9F8
:1023C000B0470A200021224B9847224B04A8984787
:1023D00055B0BDE8F083B04768681F4B04A9984723
:1023E000DFF8789005F12408642200234046B847BE
:1023F0000446D0B9459A531C02D14046B047E4E7A1
:10240000DDE94A73BB42F8D0022AF6D06A68DD1BC8
:10241000D2F80090D9F800002A1B036839199B688C
:1024200098470444A542F5D8E7E7C847DCE700BF72
:102430000000000000000000000000002C0200006E
:10244000010100000000000000000000000000008A
:10245000000000000000000000000000000000007C
:1024600038B50A4B98470A4C4FF0FF334FF0FF3214
:1024700008480949884794F86051084B04F138002E
:10248000984715B12046064B984738BD000000001C
:102490000000000038000000000000000000000004
:1024A000000000002DE9F8431A4B04460F469847F8
:1024B000064618B900263046BDE8F883237D1BB1D7
:1024C000D4E901239A4215D1002565750023984669
:1024D000DFF84C90A8453B60EDD02046C847002867
:1024E000E8D02046C8470028E4D03B6808F101083E
:1024F0000133EFE79B1A2269B2EBA30FE4D2064B3C
:1025000020469847637D0546002BDFD02046034BCD
:102510009847DBE70000000000000000000000001A
:1025200000000000F8B5124A13680133012B136054
:1025300007D1104B104A1A600022C3E907221A760D
:102540005A620E4A13680133012B13600FD1032521
:1025500000260B4C0B4FC4E9006604F108004FF451
:1025600084620021B847013D04F58564F3D1F8BDCC
:10257000000000000000000000000000000000005B
:10258000000000000000000008B5064A1368013B87
:102590001360054A1368013B136013B90348044BE9
:1025A000984708BD00000000000000001C0000006B
:1025B00000000000004B18470000000000490847D9
:1025C0000000000038B50C1A002C134605DD01464A
:1025D00022461846024DA8470346181938BD00BFC9
:1025E00000000000002810B506D001DA034B984720
:1025F000034BBDE81040184710BD00BF00000000AD
:1026000000000000004B1847000000000A200021D5
:10261000004B18470000000070B5074E051D04462A
:1026200031462846054B984700233146236028460B
:10263000034B9847204670BD2D02000000000000AB
:10264000000000000022C0E90022C0E9022202616D
:102650008282704770B504460D46044B0449984782
:1026600029462046BDE87040024B18470000000094
:10267000000000000000000030B5836885B00393BF
:102680000023D0E900420D68CDE9014205604D68A4
:1026900045608D688560C1E900338B6001A8024BFD
:1026A000984705B030BD00BF0000000070B5066956
:1026B000D0E901239B1AB6EBA30F044603D30023F2
:1026C0004375002008E00125064B45759847C02852
:1026D0002E4402D12846266170BD00232661637511
:1026E000EFE700BF000000002DE9F0430669D0E9E4
:1026F00001239B1AB6EBA30F04460F46484D85B045
:1027000005D300234375474901A8A84741E04FF08E
:102710000108454B80F815809847DA2866D008D81C
:10272000A02821D0D92847D000230136637526611F
:10273000E9E7DB28F8D13B4901A8A84742462046F3
:1027400021693A4B984700250646DFF8F480DFF808
:10275000F490AE4221691AD06A1D2046C047014656
:1027600001A8C8470135F4E72E4901A8A84700226F
:10277000204621692E4B98470025DFF8C480DFF8FA
:10278000C49000F01F06EBB29E4221690CD80131C3
:10279000216101A93846274B9847274B01A8984744
:1027A000607D05B0BDE8F08301352A462046C0476C
:1027B000014601A8C847E6E71A4901A8A8474246CA
:1027C000204621691A4B984700250646DFF870809D
:1027D000DFF87090EBB2B3422169D8D2AA1C204630
:1027E000C047014601A8C8470135F3E70D4901A8D4
:1027F000A847424620462169104B984700250646C7
:10280000DFF83C80DFF83C90ABB29E422169BED934
:10281000EA1C2046C047014601A8C8470135F3E736
:10282000000000002D020000000000000000000079
:102830000000000000000000000000000000000098
:10284000000000000000000038B5037D04460D467E
:102850001BB1D0E90123934203D10023637500200B
:1028600038BD9B1A0269B2EBA30FF6D2044B98470E
:102870002870637D002BF2D02046024B9847EFE78B
:10288000000000000000000070B5037D04460D4606
:102890001BB1D0E90123934203D1002363750020CB
:1028A00070BD06699B1AB6EBA30FF6D201234375E0
:1028B0000C4B9847C22806F101030FD12361002277
:1028C00031462046084B984700F001002870637D90
:1028D000002BE4D02046054B9847E1E70020236118
:1028E0006075F3E700000000000000000000000039
:1028F0002DE9F047D0E901739F4204468846DFF88E
:1029000078A00AD039460120D04798F800300370EB
:10291000636801336360BDE8F087134A0121134BFC
:102920009847134B266881469847B91B01440546D2
:102930000120D04798F80030394603702A46DFF866
:102940003C803046C0473946421C3846C04707469F
:1029500026B1A1683046074B891B9847C4E9005748
:102960004D44A560D7E700BF32030000000000001F
:102970000000000000000000000000000000000057
:102980002DE9F047D0E901739F4204468846DFF8FD
:1029900078A00AD039460120D04798F8003003705B
:1029A000636801336360BDE8F087134A0121134B6C
:1029B0009847134B266881469847B91B0144054642
:1029C0000120D04798F80030394603702A46DFF8D6
:1029D0003C803046C0473946421C3846C04707460F
:1029E00026B1A1683046074B891B9847C4E90057B8
:1029F0004D44A560D7E700BF32030000000000008F
:102A000000000000000000000000000000000000C6
:102A10002DE9F043037D05460F4685B01BB1D0E993
:102A20000123934205D100236B75002005B0BDE85A
:102A3000F08306699B1AB6EBA30FF4D24FF001089E
:102A40003A4B80F815809847C5284FF000042ED0E7
:102A5000C62848D0C42861D1424631462846DFF80E
:102A6000E480CDE901440394C0470646DFF8D890DE
:102A7000E3B29E4229690FD80131296138462C4BB7
:102A800001A998472B4B01A898476B7D002BCCD010
:102A90002846294B9847C9E7A21C2846C0470DF194
:102AA00003018DF8030001A8C8470134E0E742465E
:102AB00031462846214BCDE9014403949847064608
:102AC000DFF88080DFF88090A3B2B3422969D3D2C7
:102AD000E21C2846C0470DF103018DF8030001A850
:102AE000C8470134F0E7424631462846144BCDE949
:102AF0000144039498470646DFF84880DFF8489081
:102B0000A6422969B8D0621D2846C0470DF10301CD
:102B10008DF8030001A8C8470134F1E70136CDE97B
:102B200001446C752E610394A8E700BF000000000B
:102B30000000000000000000000000000000000095
:102B400000000000000000000000000007B5044B7A
:102B50008DF807100DF10701984703B05DF804FBED
:102B6000000000002DE9F047D0E901739F420446C0
:102B70008846DFF878A00AD039460120D04798F877
:102B800000300370636801336360BDE8F087134A67
:102B90000121134B9847134B266881469847B91B70
:102BA000014405460120D04798F8003039460370AB
:102BB0002A46DFF83C803046C0473946421C38463A
:102BC000C047074626B1A1683046074B891B984786
:102BD000C4E900574D44A560D7E700BF32030000A9
:102BE00000000000000000000000000000000000E5
:102BF000000000007E2913B504460AD80D4B8DF85D
:102C000007100DF107019847E3680133E36002B054
:102C100010BDFF2903D8084BC9B29847F7E7B1F5B3
:102C2000803F03D2054B89B29847F0E7044B9847A1
:102C3000EDE700BF00000000000000000000000001
:102C40000000000073B50C1E054621DB7E2C08DC5D
:102C50008DF8044001A9234B9847EB680133EB60E2
:102C600008E0E317B4F5807F73F1000204D21E4B35
:102C7000E1B2984702B070BDB4F5803F73F1000334
:102C800003D21A4BA1B29847F4E7194B9847F1E7E2
:102C900014F11E0FDCDA14F1800F164B06DBD02185
:102CA000984728468DF8044001A9D4E714F5004F51
:102CB000114E0BDBD121ADF80440984728460DF1A9
:102CC0000501B047284601A9B047C6E70194D221C3
:102CD0009847032401AB19192846B047013CF9D2A3
:102CE000BBE700BF00000000000000000000000083
:102CF000000000000000000000000000F7B58D6833
:102D000004461F2D0F68174E0FD865F05F038DF82E
:102D1000043001A9144B98472A4639462046B0474B
:102D2000E3680133E36003B0F0BDFF2D0F4B06D81D
:102D3000D921984720468DF8045001A9EAE7B5F556
:102D4000803F08D2DA2198472046094BADF804505D
:102D500001A99847E0E7DB2198472046054B0195FC
:102D600001A9F6E7000000000000000000000000DC
:102D7000000000000000000070B5044616461D4625
:102D8000074B984720463168064B984720462968EC
:102D9000054B984720460499044B984770BD00BFE7
:102DA0000000000000000000000000000000000023
:102DB000F8B506460F4615460024AC4201D320461E
:102DC000F8BD30682A1B036839199B68984704448A
:102DD000F3E700002DE9F041044600201D4688B0CD
:102DE000D4F81874CDE90300CDE9050007900091EF
:102DF00002AB042104A81646DFF8588003AA029704
:102E0000C04701210F4B04A8984729680E4B04A81E
:102E10009847DDE904156D1A2A4620460B4B984762
:102E200085420B4A04D004A8904708B0BDE8F08161
:102E3000D4F8183404A80133C4F818349047376024
:102E4000F3E700BF000000000000000000000000E9
:102E500000000000000000002DE9F04104460020C1
:102E60001D4688B0D4F81874CDE90300CDE90500FB
:102E70000790009102AB042104A81646DFF8608099
:102E800003AA0297C047124B022104A89847296859
:102E900004A8104DA8470E9B04A81968A847DDE9AF
:102EA00004156D1A2A4620460B4B984785420B4A5B
:102EB00004D004A8904708B0BDE8F081D4F81834D5
:102EC00004A80133C4F8183490473760F3E700BF13
:102ED00000000000000000000000000000000000F2
:102EE000000000002DE9F041044600201D4688B096
:102EF000D4F81874CDE90300CDE9050007900091DE
:102F000002AB042104A81646DFF8688003AA0297E2
:102F1000C047144B032104A89847296804A8124D00
:102F2000A8470E9B04A81968A8470F9B04A8196816
:102F3000A847DDE904156D1A2A4620460B4B984731
:102F400085420B4A04D004A8904708B0BDE8F08140
:102F5000D4F8183404A80133C4F818349047376003
:102F6000F3E700BF000000000000000000000000C8
:102F700000000000000000002DE9F041044600F1CF
:102F800030070E4615464FF0FF334FF0FF323846FC
:102F90000649884720462946054B40F8046B984768
:102FA0003846BDE8F041034B184700BF0000000061
:102FB000000000000000000038B5044600F13005B4
:102FC0004FF0FF3207494FF0FF3328468847246807
:102FD0002846002CD4BF00240124034B98472046E8
:102FE00038BD00BF00000000000000002DE9F041E6
:102FF000037D04460D4616461BB1D0E901239342DA
:1030000003D10023637500202AE09B1A02694FEA6E
:10301000A308B2EBA30FF4D2124A134F136813F0B4
:10302000010302BF3B6001231360104B9847637D8F
:103030003860002BE7D023699845E2D90C4B204635
:1030400098472860637D002BDDD00A4B2046291D60
:103050009847637D002BD6D031462046064B9847D3
:10306000BDE8F0810000000000000000000000004A
:103070000000000000000000000000002DE9F04109
:10308000044600F130070E4615464FF0FF334FF06F
:10309000FF3238460649884720462946054B40F806
:1030A000046B98473846BDE8F041034B184700BF12
:1030B00000000000000000000000000038B50446D9
:1030C00000F130054FF0FF3207494FF0FF3328463B
:1030D000884724682846002CD4BF00240124034BD1
:1030E0009847204638BD00BF0000000000000000E7
:1030F00038B50569D0E901239B1AB5EBA30F044647
:1031000003D300234375002013E001234375124BC2
:10311000984758B100F13403DBB2032B17D8CD38F0
:10312000022807D8DFE800F0090C0F0020460B4BFF
:10313000984738BD20460A4BFAE72046094BF7E787
:103140002046094BF4E72046084B9847F1E7002357
:10315000013563752561D6E700000000000000001E
:10316000000000000000000000000000000000005F
:103170002DE9F0411E46037D0446884617461BB1E3
:10318000D0E901359D4204D1002363750020BDE8DC
:10319000F081ED1A0369B3EBA50FF5D2184B9847F0
:1031A000C8F80000637D002BF0D0237D002BEBD00E
:1031B000D4E901318B42E7D0C91A2369B3EBA10FDF
:1031C000E2D2104B204698473860637D002BDDD05B
:1031D000237D002BD8D0D4E901329342D4D0D21A27
:1031E0002369B3EBA20FCFD2074B2046984730603C
:1031F000637D002BCAD02046044B9847C7E700BF29
:1032000000000000000000000000000000000000BE
:103210002DE9F043D0F8146404460F4690461D464D
:103220008BB096B14A4B04A898474A4B04A89847DC
:10323000D4F81034211D19443246474B04A898474E
:1032400038B90026454B05A8984730460BB0BDE875
:10325000F0834FF00009424E03AB02AA01A904A873
:10326000CDF80490B04706460028EAD0039BBB4245
:10327000E7D1029B3B4F012B1BD02846FC233A4948
:1032800040F8043B394B98472046D4F81024D4F832
:103290001414B847D4F810342BB94FF0FF32C4F8E7
:1032A0000C34C4F80824D4F81C340133C4F81C349A
:1032B000C8E7019B042B05D02846FC232C4940F885
:1032C000043BDFE72B4B04A88DF800909847C028FB
:1032D00031D19DF824301BB1DDE905239A4208D194
:1032E00000238DF825302846FC23234940F8043B71
:1032F000C8E79B1A089AB2EBA30FF1D21F4B04A8A0
:1033000098479DF825308DF80000002BEBD0414602
:103310001B4B04A898470028E5D0D4F810242AB9FC
:103320004FF0FF33C4F80C24C4F808342046D4F816
:103330001414B84786E76A462946124B04A89847F2
:103340000028EAD12846FC230F4940F8043B99E7BE
:10335000000000000000000000000000000000006D
:1033600000000000000000008600000000000000D7
:103370009F00000000000000BC00000000000000F2
:103380000000000000000000DD0000002DE9F04317
:10339000D0F8146404460F4690461D468BB096B193
:1033A0004A4B04A898474A4B04A89847D4F81034CD
:1033B000211D19443246474B04A8984738B90026C6
:1033C000454B05A8984730460BB0BDE8F0834FF059
:1033D0000009424E03AB02AA01A904A8CDF804904B
:1033E000B04706460028EAD0039BBB42E7D1029BC8
:1033F0003B4F012B1BD02846FC233A4940F8043BA5
:10340000394B98472046D4F81024D4F81414B84700
:10341000D4F810342BB94FF0FF32C4F80C34C4F890
:103420000824D4F81C340133C4F81C34C8E7019BC9
:10343000042B05D02846FC232C4940F8043BDFE749
:103440002B4B04A88DF800909847C02831D19DF8E7
:1034500024301BB1DDE905239A4208D100238DF801
:1034600025302846FC23234940F8043BC8E79B1A33
:10347000089AB2EBA30FF1D21F4B04A898479DF80E
:1034800025308DF80000002BEBD041461B4B04A8E3
:1034900098470028E5D0D4F810242AB94FF0FF331C
:1034A000C4F80C24C4F808342046D4F81414B847DF
:1034B00086E76A462946124B04A898470028EAD1B5
:1034C0002846FC230F4940F8043B99E70000000020
:1034D00000000000000000000000000000000000EC
:1034E0000000000086000000000000009F000000B7
:1034F00000000000BC000000000000000000000010
:1035000000000000DD00000038B50569D0E90123A6
:103510009B1AB5EBA30F044603D300234375002089
:1035200013E001234375134B984758B100F134035E
:10353000DBB2032B19D8CD38022807D8DFE800F01A
:10354000090C110020460C4B984738BD20460B4B08
:10355000FAE720460A4BF7E720460A4B984780B225
:10356000F3E72046084B9847F9E7002301356375D8
:103570002561D4E70000000000000000000000000A
:1035800000000000000000000000000070B52A4AA2
:103590000C461368054613F0010301BF27490B6071
:1035A00001231360237D1BB1D4E901239A4202D188
:1035B0000023637570BD9B1A22699E10B2EBA30FA6
:1035C000F6D21F4B204698471C4B1860637D002B9A
:1035D000F0D023699E42EBD920461A4EB047E881CD
:1035E000637D002BE6D0237D002BE1D0D4E90123BD
:1035F0009A42DDD09B1A2269B2EBA30FD8D229469A
:103600002046114B98470028D4D0237D002BCFD0E3
:10361000D4E901239A42CBD09B1A2269B2EBA30FC3
:10362000C6D22046B047A881637D002BC2D0204679
:10363000064B9847BEE700BF0000000000000000F6
:10364000000000000000000000000000000000007A
:103650002DE9F043D0F8146404460F4690461D4609
:103660008BB096B1504B04A89847504B04A898478C
:10367000D4F81034211D194432464D4B04A8984704
:1036800038B900264B4B05A8984730460BB0BDE82B
:10369000F0834FF00009484E03AB02AA01A904A829
:1036A000CDF80490B04706460028EAD0039BBB4201
:1036B000E7D1029B414F012B1BD02846FC234049F8
:1036C00040F8043B3F4B98472046D4F81024D4F8E8
:1036D0001414B847D4F810342BB94FF0FF32C4F8A3
:1036E0000C34C4F80824D4F81C340133C4F81C3456
:1036F000C8E7019B042B05D02846FC23324940F83B
:10370000043BDFE7314B04A88DF800909847C028B0
:103710003DD19DF824301BB1DDE905239A4208D143
:1037200000238DF825302846FC23294940F8043B26
:10373000C8E79B1A089A4FEAA309B2EBA30FEFD28E
:10374000244B04A898479DF825308DF80000002BE5
:10375000E9D0089B9945E3D91F4B404604A99847F7
:103760009DF82530002BDED01C4B04A8984700287C
:10377000D9D0D4F810242AB94FF0FF33C4F80C2460
:10378000C4F808342046D4F81414B8477AE76A46D7
:103790002946134B04A898470028EAD12846FC2361
:1037A000104940F8043B8DE70000000000000000D5
:1037B0000000000000000000000000000000000009
:1037C00086000000000000009F00000000000000D4
:1037D000BC0000000000000000000000000000002D
:1037E00000000000DD0000002DE9F041044600F17A
:1037F00030070E4615464FF0FF334FF0FF32384684
:103800000649884720462946054B40F8046B9847EF
:103810003846BDE8F041034B184700BF00000000E8
:10382000000000000000000038B5044600F130053B
:103830004FF0FF3207494FF0FF332846884724688E
:103840002846002CD4BF00240124034B984720466F
:1038500038BD00BF00000000000000002DE9F0436B
:10386000D0F8146404460F4690461D468BB096B1BE
:103870004A4B04A898474A4B04A89847D4F81034F8
:10388000211D19443246474B04A8984738B90026F1
:10389000454B05A8984730460BB0BDE8F0834FF084
:1038A0000009424E03AB02AA01A904A8CDF8049076
:1038B000B04706460028EAD0039BBB42E7D1029BF3
:1038C0003B4F012B1BD02846FC233A4940F8043BD0
:1038D000394B98472046D4F81024D4F81414B8472C
:1038E000D4F810342BB94FF0FF32C4F80C34C4F8BC
:1038F0000824D4F81C340133C4F81C34C8E7019BF5
:10390000042B05D02846FC232C4940F8043BDFE774
:103910002B4B04A88DF800909847C02831D19DF812
:1039200024301BB1DDE905239A4208D100238DF82C
:1039300025302846FC23234940F8043BC8E79B1A5E
:10394000089AB2EBA30FF1D21F4B04A898479DF839
:1039500025308DF80000002BEBD041461B4B04A80E
:1039600098470028E5D0D4F810242AB94FF0FF3347
:10397000C4F80C24C4F808342046D4F81414B8470A
:1039800086E76A462946124B04A898470028EAD1E0
:103990002846FC230F4940F8043B99E7000000004B
:1039A0000000000000000000000000000000000017
:1039B0000000000086000000000000009F000000E2
:1039C00000000000BC00000000000000000000003B
:1039D00000000000DD00000038B504460068036800
:1039E0005B69984790B1D4F80434B3F5806F0DD07B
:1039F000214651F8040B02681944D568C3F580626A
:103A0000A847D4F804340344C4F804342046014BD6
:103A1000984738BD000000002DE9F04F0122044610
:103A20008A468BB000F11403D3E8EF1F002903D1BD
:103A3000C3E8E02F0028F7D10CBF1546002538D188
:103A4000DFF80881344D64220023E06AC047002873
:103A50003FD1636C606A0193A36C04F11002009380
:103A6000E36C006804F118012C4DA8472C4EE06A65
:103A7000B047DFF8A490DFF8D8B064220023A06A32
:103A8000C047002845D1274B06A89847656A276993
:103A90002868D84739465246234F286806ABB847AE
:103AA000224FC0B9A06AB047214B984707A8B84732
:103AB000E3E72049204B06A89847FF2120461F4BEB
:103AC00006AA9847194B06A8984728460BB0BDE8A8
:103AD000F08FA847B7E7069B07A945F8043F281DC4
:103AE000174B9847A06AB047069D164B07A903A835
:103AF00098472946114B03AA2046984703A8B84780
:103B000007A8B8472046104B984780F00100C0B284
:103B1000DCE7C847B1E700BF00000000000000007C
:103B20000000000000000000000000000000000095
:103B300000000000E00100000000000000000000A4
:103B40000000000000000000000000000000000075
:103B500000000000F8B50E46044617461D460068F2
:103B6000094B984731462B46084E3A462068B047E5
:103B7000064638B1294651F8043B44F8043F201D5D
:103B8000034B98473046F8BD0000000000000000DD
:103B9000000000002DE9F04FA7B004460391002972
:103BA00000F0BC80002600F5815708374FF0FF3346
:103BB0004FF0FF323846DFF8E09104F58055C847F2
:103BC00095F83C30CDE905660796002B00F0A08003
:103BD000D4F810806149C346DFF8C0A108A8D047D7
:103BE0005BF8103B12A802935D4B984708A95D4A09
:103BF00018A8CDE916669047029B1422CDE91B3B1D
:103C000008F124031D933146574B1EA8984704F131
:103C10001803239303AB249304F114032593534B0C
:103C20001EA8984752490EA8D047DFF858B1FF2187
:103C30000EAA12A8D847DFF850810EA8C0474D4BF6
:103C400005A912A89847012302908DF8106017A9C2
:103C5000D1E8EF2FB24203D1C1E8E03F0028F7D10D
:103C600040D1454E642200231D98C847002858D1F2
:103C7000239B1B980193249B404E00930068259B37
:103C800016AA18A9B0471D983D4EB047DFF8E8B016
:103C9000DFF80C81DFF80CA1642200231C98C847D0
:103CA000002847D12E4B0EA8984716991B980EABAB
:103CB00004AAC047002836D01C98314B98470E9E66
:103CC0000FA9284B0BA8984731462E4B0BAA12A8D8
:103CD00098472D4E0BA8B0470FA8B0472B4B12A802
:103CE000984708E02A490EA8D04712A8FF210EAA3B
:103CF000D8470EA8C047244E18A8B04713A8B0470D
:103D000008A8B047029B1BB1DDE905218A4213D107
:103D100038461B4B98471F4B05A8984727B0BDE86E
:103D2000F08FB0479EE71C98B047D047164B0FA8BE
:103D30009847B1E7D847AFE76B6AB3F5805F0BD020
:103D4000EB69107823441877EB690133C3F30B0355
:103D5000EB616B6A01336B620132D7E771020000DD
:103D60000000000000000000000000000000000053
:103D70007A020000000000000000000000000000C7
:103D80000000000000000000000000000000000033
:103D9000E001000000000000000000000000000042
:103DA00000000000000000002DE9F74F00F58155EC
:103DB0000835064690464FF0FF334FF0FF32284655
:103DC000DFF898A089460027D047DFF884B006F5D1
:103DD0008054B4F86A300BB1474506D328461C4BD3
:103DE0009847384603B0BDE8F08F636AB3B94FF027
:103DF000FF324FF0FF332846D047616AC1F580514A
:103E0000002902DD3046134B9847636A2846019328
:103E1000D847019B13B9104B9847DAE7636AA3B1FF
:103E2000236A33441A7F236A0133C3F30B032362EB
:103E3000636A013B6362134609F80730B4F86A30DD
:103E40000137013BA4F86A30C3E74FF0FF33F3E7D3
:103E50000000000000000000000000000000000062
:103E600000232DE9F0470122044688B08DF8003088
:103E700000F11403D3E8EF1F002903D1C3E8E02FBA
:103E80000028F7D13CD12F4F2F4D64220023E06A48
:103E9000B84700284AD1606A636C00682B4D04F172
:103EA000100204F11801A847E06A294DA847DFF87D
:103EB0009880DFF8BC90DFF8BCA064220023A06AE1
:103EC000B84700283BD104A8C8476A462169606A00
:103ED00004ABD0471F4E00282AD0A06AA847049DF3
:103EE0001D4B05A901A898471C4B294601AA20464D
:103EF000984701A8B04705A8B0472046184B0AE0EC
:103F00001849194B04A898472046144BFF2104AACE
:103F10009847104B04A898470E4D04F11800A84785
:103F2000201DA847204608B0BDE8F087A847ACE7A9
:103F3000A06AA8470D4B984705A8B047BDE7C04702
:103F4000BBE700BF00000000000000000000000010
:103F50000000000000000000000000000000000061
:103F600000000000E0010000000000000000000070
:103F700000000000000000002DE9F04F012204467F
:103F80008A4689B000F11403D3E8EF1F002903D15A
:103F9000C3E8E02F0028F7D10CBF1546002534D127
:103FA000DFF80081324D64220023E06AC047002818
:103FB0003BD1606A636C006804F1100204F11801DF
:103FC0002C4DA8472C4EE06AB047DFF8A490DFF8EC
:103FD000D8B064220023A06AC047002845D1274BEF
:103FE00004A89847656A27692868D8473946524621
:103FF000234F286804ABB847224FC0B9A06AB04726
:10400000214B984705A8B847E3E72049204B04A86F
:104010009847FF2120461F4B04AA9847194B04A834
:104020009847284609B0BDE8F08FA847BBE7049B36
:1040300005A945F8043F281D174B9847A06AB047CB
:10404000049D164B05A901A898472946114B01AAC2
:104050002046984701A8B84705A8B8472046104B06
:10406000984780F00100C0B2DCE7C847B1E700BF65
:104070000000000000000000000000000000000040
:10408000000000000000000000000000E00100004F
:104090000000000000000000000000000000000020
:1040A0000000000000000000000000002DE9F04FBB
:1040B000012204468A468BB000F11403D3E8EF1FB7
:1040C000002903D1C3E8E02F0028F7D10CBF154623
:1040D000002536D1DFF80481334D64220023E06AE5
:1040E000C04700283DD1636C606A0093A36C0068F0
:1040F00004F1100204F118012C4DA8472C4EE06A7F
:10410000B047DFF8A490DFF8D8B064220023A06A9B
:10411000C047002845D1274B06A89847656A2769FC
:104120002868D84739465246234F286806ABB84717
:10413000224FC0B9A06AB047214B984707A8B8479B
:10414000E3E72049204B06A89847FF2120461F4B54
:1041500006AA9847194B06A8984728460BB0BDE811
:10416000F08FA847B9E7069B07A945F8043F281D2B
:10417000174B9847A06AB047069D164B07A903A89E
:1041800098472946114B03AA2046984703A8B847E9
:1041900007A8B8472046104B984780F00100C0B2EE
:1041A000DCE7C847B1E700BF0000000000000000E6
:1041B00000000000000000000000000000000000FF
:1041C00000000000E001000000000000000000000E
:1041D00000000000000000000000000000000000DF
:1041E000000000002DE9F04F044600F58157994981
:1041F0000837A3B04FF0FF324FF0FF3338460D467B
:1042000004F5805688474FF0FF324FF0FF333846B1
:10421000A84796F83C503846DFF85C92C847A5B1ED
:104220004FF0FF324FF0FF3338468A498847736AB0
:10423000B6F86A2000259A4200F39A80F561384664
:104240003562A6F86A507562C84704F5805595F83E
:104250003C30002B00F0DB80D4F810900026CA46DA
:104260007D49DFF848B205A8D8475AF8103B0FA897
:1042700003937A4B9847DFF8188205A9CDE91366B6
:1042800015A8C047039B1422CDE9183A09F124036D
:104290001A933146724B1BA8984704F118032093D8
:1042A00004F1140321936F4B1BA898476E490BA888
:1042B000D847DFF8CCA1FF210BAA0FA8D047DFF821
:1042C000C4910BA8C84704F58351684B0C310FA863
:1042D0009847012303908DF8106014A9D1E8EF2FBF
:1042E000B24203D1C1E8E03F0028F7D17DD1604E52
:1042F000642200231A9857498847002840F08F808D
:10430000209B189800930068219B5A4E13AA15A968
:10431000B047594E1A98B047B246DFF854B1574EDD
:10432000DFF88C916422002319984A4988470028B5
:104330007ED14A4B0BA89847139918980BAB04AA47
:10434000B04700286DD019984B4B98470B9E0CA98D
:1043500008A8C04731464A4B08AA0FA89847494EBB
:1043600008A8B0470CA8B047474B0FA8984745E0AE
:10437000D4F810804549C246DFF830B18DF81450AA
:1043800008A8D8475AF8103B344A0FA8039390471F
:1043900008A9CDE913553E4A15A89047039B14225E
:1043A000CDE9183A08F124031A9329462C4B1BA88F
:1043B000984704F1140320932A4B1BA898472A49D5
:1043C0000BA8D8470BAAFF21324B0FA89847DFF85C
:1043D000B4800BA8C04705A92F4B0FA898472F4BB7
:1043E0000FA8984708A8C04728E72D490BA8D84729
:1043F0000FA8FF210BAAD0470BA8C847214E15A82C
:10440000B04710A8B04705A8B047039B93B9002454
:104410003846194B9847204623B0BDE8F08FB04787
:1044200066E71998D047C847164B0CA8984779E714
:10443000D84777E704F5825410342046E96E194EC8
:10444000B04710B920461849B047AB6FB5F87A406D
:10445000AB66DDE7000000004F0200000000000036
:1044600000000000000000007A02000000000000D0
:10447000000000000000000000000000000000003C
:1044800000000000000000000000000040020000EA
:10449000000000000000000000000000000000001C
:1044A000E0010000000000005F02000000000000CA
:1044B0000000000008B5034B9847003818BF0120E2
:1044C00008BD00BF0000000070B50A4B06460D464F
:1044D0001446984760B121463046074BFF22984763
:1044E0000023235421462846BDE87040034B18475B
:1044F00070BD00BF000000000000000000000000D0
:10450000F8B5124A13680133012B136007D1104B21
:10451000104A1A600022C3E907221A765A620E4A2C
:1045200013680133012B13600FD1032500260B4CB8
:104530000B4FC4E9006604F108004FF484620021C7
:10454000B847013D04F58564F3D1F8BD00000000D3
:10455000000000000000000000000000000000005B
:104560000000000008B5064A1368013B1360054AC5
:104570001368013B136013B90348044B984708BD07
:1045800000000000000000001C000000000000000F
:104590000020704708B5406803681B6998470038D9
:1045A00018BF012008BD10B51446406803685B6859
:1045B0009847204610BD704770470000004B1847D1
:1045C00000000000004908470000000010B5044644
:1045D0000821024B9847204610BD00BF0000000094
:1045E00070B504460D46164600214068044B9847B6
:1045F000324629466068034BBDE87040184700BF4B
:10460000000000000000000013B5064B0C4601221C
:1046100001A99847012812BF00209DF8043023709B
:1046200002B010BD0000000038B50C1A002C134673
:1046300005DD014622461846024DA84703461819D3
:1046400038BD00BF00000000002810B506D001DA18
:10465000034B9847034BBDE81040184710BD00BFFF
:104660000000000000000000004B184700000000A0
:1046700038B5044600F5815508354FF0FF324FF04C
:10468000FF3328460A49884704F58053B3F86A2067
:104690005AB15A6A4AB15A6A3AB11B6A1C44247F19
:1046A0002846044B9847204638BD4FF0FF34F7E7C3
:1046B0000000000000000000F8B506460C46354634
:1046C00001F5815708374FF0FF324FF0FF3338467E
:1046D00009498847094B04F5805445F8043B04F127
:1046E00054030FCB85E80F0094F8643038463375D7
:1046F000034B98473046F8BD00000000080000005A
:104700000000000038B5044600F5815508354FF02B
:10471000FF3207494FF0FF33284604F5805488479D
:10472000B4F868402846034B9847204638BD00BF80
:104730000000000000000000004B184700000000CF
:104740000A200021004B18470000000051F8043BEC
:1047500040F8043B004B18470000000038B54FF408
:10476000807200210C4B0446002598474FF0FF3320
:104770000A49C4E94053C4F80851094B04F586704E
:104780009847C4E94655C4E94855064B04F594706A
:104790009847204638BD00BF000000002E020000F0
:1047A000000000000000000038B5044600F13805A4
:1047B0004FF0FF3205494FF0FF332846884794F801
:1047C00060412846024B9847204638BD0000000053
:1047D00000000000024A03490348044B184700BF89
:1047E00000000000000000000000000000000000C9
:1047F00008B5034B9847A0F1C0035842584108BD83
:1048000000000000F8B507460423194E013B00D113
:10481000FEE73568BD4202D174682046F8BD25BB6D
:104820003146144B41F8087B4FF4846098474FF4AD
:1048300080620446104B294640F8047B98474FF0AD
:10484000FF330E4AC4F808341368C4F80454013323
:10485000C4F80C54C4F81054C4F81454C4F81854D0
:10486000C4F81C5413607460D7E706F58566CDE77D
:104870000000000000000000000000000000000038
:104880002DE9F041044600F130070E4615464FF081
:10489000FF334FF0FF323846064988472046294605
:1048A000054B40F8046B98473846BDE8F041034B90
:1048B000184700BF000000000000000000000000DA
:1048C0002DE9FF4104468846002517461E46134B36
:1048D00098474146C4E90455114B04F11800984724
:1048E0000A9B1422E36204F1300329461846C4E906
:1048F00009760C4DA8470C4B98470C490C4B01A866
:104900009847FF21204601AA0A4B98470A4B01A865
:104910009847204604B0BDE8F08100BF00000000C9
:10492000000000000000000000000000C2010000C4
:104930000000000000000000000000001FB5044659
:104940000749084B01A89847FF21204601AA064BBA
:104950009847064B01A89847002004B010BD00BF3F
:10496000A1010000000000000000000000000000A5
:1049700038B5044600F130054FF0FF3207494FF0DB
:10498000FF332846884724682846002CD4BF0024DB
:104990000124034B9847204638BD00BF00000000AB
:1049A000000000002DE9F047154B0F46914601210C
:1049B000144A04469847D4E9006A134B8046984746
:1049C000B91B01440546114B0120984799F8003066
:1049D000394603702A46DFF83C903046C8475146B6
:1049E000421C3846C847074626B1A1683046084BE6
:1049F000891B9847C4E900574544A560BDE8F08786
:104A0000000000004C030000000000000000000057
:104A1000000000000000000038B50D46D0E9011389
:104A20009942044608D0064B012098472B78037022
:104A300063680133636038BD2A46024B9847FAE742
:104A40000000000000000000F8B506460C46054FC7
:104A50008D18AC4200D1F8BD21463046B84701342C
:104A6000F7E700BF0000000013B5044601F07F0126
:104A70008DF80710044B0DF107019847E3680133E7
:104A8000E36002B010BD00BF000000002DE9F04758
:104A9000D0E901739F4204468846DFF878A00AD027
:104AA00039460120D04798F800300370636801331D
:104AB0006360BDE8F087134A0121134B9847134BFD
:104AC000266881469847B91B014405460120D04716
:104AD00098F80030394603702A46DFF83C803046AB
:104AE000C0473946421C3846C047074626B1A16830
:104AF0003046074B891B9847C4E900574D44A560D1
:104B0000D7E700BF4C0300000000000000000000D9
:104B100000000000000000000000000007B5044B8A
:104B20008DF807100DF10701984703B05DF804FBFD
:104B3000000000002DE9F047D0E901739F420446D0
:104B40008846DFF878A00AD039460120D04798F887
:104B500000300370636801336360BDE8F087134A77
:104B60000121134B9847134B266881469847B91B80
:104B7000014405460120D04798F8003039460370BB
:104B80002A46DFF83C803046C0473946421C38464A
:104B9000C047074626B1A1683046074B891B984796
:104BA000C4E900574D44A560D7E700BF4C0300009F
:104BB00000000000000000000000000000000000F5
:104BC000000000007E2908B503D8094BC9B29847F8
:104BD00008BDFF2902D8074BC9B2F8E7B1F5803FFD
:104BE00003D2054B89B29847F2E7044B9847EFE7A9
:104BF00000000000000000000000000000000000B5
:104C000073B50C1E05461BDB7E2C04DC254BE1B284
:104C1000984702B070BDE317B4F5807F73F10002CE
:104C200002D2214BE1B2F3E7B4F5803F73F1000308
:104C300003D21E4BA1B29847EBE71D4B9847E8E71C
:104C400014F11E0F08DB8DF8044001A9194B984799
:104C5000EB680133EB60DCE714F1800F164B06DBE9
:104C6000D021984728468DF8044001A9EEE714F5B5
:104C7000004F124E0BDBD121ADF804409847284677
:104C80000DF10501B047284601A9B047E0E70194BE
:104C9000D2219847032401AB19192846B047013C9B
:104CA000F9D2D5E70000000000000000000000007D
:104CB00000000000000000000000000000000000F4
:104CC00070B5044616461D46074B98472046316886
:104CD000064B984720462968054B9847204604997B
:104CE000044B984770BD00BF0000000000000000AA
:104CF00000000000000000002DE9F04100250446FE
:104D000088B0D0F8187402AB009104A804211646AC
:104D1000DFF8548003AACDE90355CDE90555079581
:104D20000297C04729460D4B04A89847DDE90415B2
:104D30006D1A2A4620460A4B98478542094A04D0F4
:104D400004A8904708B0BDE8F081D4F8183404A84E
:104D50000133C4F8183490473760F3E700000000CF
:104D60000000000000000000000000002DE9F041FC
:104D7000044600201D4688B0D4F81874CDE903001D
:104D8000CDE905000790009102AB042104A8164666
:104D9000DFF8588003AA0297C04701210F4B04A8EF
:104DA000984729680E4B04A89847DDE904156D1A49
:104DB0002A4620460B4B984785420B4A04D004A84C
:104DC000904708B0BDE8F081D4F8183404A8013346
:104DD000C4F8183490473760F3E700BF00000000C4
:104DE00000000000000000000000000000000000C3
:104DF0002DE9F043054600201C468BB0D5F81884F9
:104E0000CDE90600CDE908002D4E0490009103ABDA
:104E1000042106A8174604AADDF84890CDF80C80B6
:104E2000B0470221274B06A898472168264B06A8C1
:104E30009847D9E90064A41BFF2C244BDFF8A49009
:104E40001ED8C42106A89847214B8DF8144005A907
:104E500006A898472246314606A8C847DDE9061449
:104E6000099B641A0133224609932846194B984737
:104E70008442194A19D006A890470BB0BDE8F083C8
:104E8000B4F5803F09D2C52106A8ADF81440984773
:104E9000124B05A906A89847DCE7C62106A8059489
:104EA00098470F4B05A906A8F5E7D5F8183406A8CA
:104EB0000133C5F818349047C7F80080DDE700BF1C
:104EC00000000000000000000000000000000000E2
:104ED00000000000000000000000000000000000D2
:104EE00000000000000000002DE9F04304460D46DC
:104EF0001646DFF89490DFF8948085B000F124071F
:104F0000642200233846C847002831D12368CDE900
:104F10000000CDE90200DFF8789068460321D3F85D
:104F20000080144CC84768460221A047124B29460E
:104F30006846984768460121C84768463168A047D7
:104F4000DDE90014641A0D4B22464046984784421E
:104F500008BFD8F81834684604BF0133C8F81834BD
:104F6000074B98473846074B05B0BDE8F043184754
:104F7000C047C5E70000000000000000000000007E
:104F80000000000000000000000000000000000021
:104F90000000000008B5D1F804315A1C09D0D1E94D
:104FA00046128A4205D0022B03D00068014B521AE8
:104FB000984708BD000000002DE9F041044600F1CB
:104FC00030070E4615464FF0FF334FF0FF3238469C
:104FD0000649884720462946054B40F8046B984708
:104FE0003846BDE8F041034B184700BF0000000001
:104FF00000000000000000002DE9FF410446884643
:10500000002517461E46154B98474146C4E90455EE
:10501000134B04F1180098470A9B2946E36204F1F8
:10502000300314221846C4E909760E4DA8470C9A9D
:105030000D4B62640B9AA26498470C490C4B01A873
:105040009847FF21204601AA0A4B98470A4B01A81E
:105050009847204604B0BDE8F08100BF0000000082
:10506000000000000000000000000000C20100007D
:1050700000000000000000000000000038B50446F9
:1050800000F130054FF0FF3207494FF0FF3328465B
:10509000884724682846002CD4BF00240124034BF1
:1050A0009847204638BD00BF000000000000000007
:1050B00038B515460A4B0446984729887E2904D8F6
:1050C0002046084BC9B2984738BDFF2903D820466F
:1050D000054BC9B2F7E72046044B9847F4E700BFF9
:1050E00000000000000000000000000000000000C0
:1050F0002DE9F041044600201D4688B0D4F818740C
:10510000CDE90300CDE905000790009102AB042131
:1051100004A81646DFF8648003AA0297C04703215B
:10512000114B04A898472968104B04A89847DDE95B
:105130000E120F4B04A89847DDE904156D1A2A4694
:1051400020460C4B984785420B4A04D004A8904750
:1051500008B0BDE8F081D4F8183404A80133C4F8CD
:10516000183490473760F3E70000000000000000AB
:10517000000000000000000000000000000000002F
:105180002DE9F041044600201D4688B0D4F818747B
:10519000CDE90300CDE905000790009102AB0421A1
:1051A00004A81646DFF8588003AA0297C0470221D8
:1051B0000F4B04A8984729460E9A0E4B04A898470F
:1051C000DDE904156D1A2A4620460B4B98478542A7
:1051D0000A4A04D004A8904708B0BDE8F081D4F88A
:1051E000183404A80133C4F8183490473760F3E743
:1051F00000000000000000000000000000000000AF
:105200000000000038B5037D04460D461BB1D0E90F
:105210000123934203D100236375002038BD9B1AFC
:105220000269B2EBA30FF6D2044B98472860637D66
:10523000002BF2D02046024B9847EFE70000000019
:10524000000000002DE9F043D0F8146404460F4636
:1052500090461D468BB096B14A4B04A898474A4BDE
:1052600004A89847D4F81034211D19443246474BFE
:1052700004A8984738B90026454B05A898473046FA
:105280000BB0BDE8F0834FF00009424E03AB02AA19
:1052900001A904A8CDF80490B04706460028EAD03A
:1052A000039BBB42E7D1029B3B4F012B1BD02846FF
:1052B000FC233A4940F8043B394B98472046D4F840
:1052C0001024D4F81414B847D4F810342BB94FF084
:1052D000FF32C4F80C34C4F80824D4F81C34013369
:1052E000C4F81C34C8E7019B042B05D02846FC23D6
:1052F0002C4940F8043BDFE72B4B04A88DF80090C5
:10530000984788B39DF824301BB1DDE905239A4204
:1053100008D100238DF825302846FC23234940F886
:10532000043BC9E79B1A089AB2EBA30FF1D2204BBA
:1053300004A898479DF825308DF80000002BEBD08D
:1053400041461C4B04A898470028E5D0D4F8102407
:105350002AB94FF0FF33C4F80C24C4F808342046AF
:10536000D4F81414B84787E76A462946124B04A8B4
:1053700098470028EAD12846FC23104940F8043B0E
:105380009AE700BF000000000000000000000000DD
:105390000000000000000000000000000B00000002
:1053A0000000000024000000000000004100000098
:1053B000000000000000000000000000620000008B
:1053C0002DE9F043D0F8146404460F4690461D467C
:1053D0008BB096B14A4B04A898474A4B04A898470B
:1053E000D4F81034211D19443246474B04A898477D
:1053F00038B90026454B05A8984730460BB0BDE8A4
:10540000F0834FF00009424E03AB02AA01A904A8A1
:10541000CDF80490B04706460028EAD0039BBB4273
:10542000E7D1029B3B4F012B1BD02846FC233A4976
:1054300040F8043B394B98472046D4F81024D4F860
:105440001414B847D4F810342BB94FF0FF32C4F815
:105450000C34C4F80824D4F81C340133C4F81C34C8
:10546000C8E7019B042B05D02846FC232C4940F8B3
:10547000043BDFE72B4B04A88DF80090984788B3D6
:105480009DF824301BB1DDE905239A4208D10023A1
:105490008DF825302846FC23234940F8043BC9E712
:1054A0009B1A089AB2EBA30FF1D2204B04A898479D
:1054B0009DF825308DF80000002BEBD041461C4BA9
:1054C00004A898470028E5D0D4F810242AB94FF052
:1054D000FF33C4F80C24C4F808342046D4F814145C
:1054E000B84787E76A462946124B04A89847002820
:1054F000EAD12846FC23104940F8043B9AE700BF54
:10550000000000000000000000000000000000009B
:1055100000000000000000000B0000000000000080
:105520002400000000000000410000000000000016
:105530000000000000000000620000002DE9F041C2
:1055400000F110060446D4B0642200233046DFF890
:105550009880C047C8B9194B04A89847656818498E
:10556000184B01A898472846174B01AA04A9984749
:105570000746164B01A89847154D304647B9A8472E
:10558000144B9847144B04A8984754B0BDE8F081D9
:10559000A8476068114B04A99847114F04F12406ED
:1055A000642200233046C04730B960680D4B04A91F
:1055B00098473046A847E5E7B847F1E70000000004
:1055C0002E020000000000000000000000000000AB
:1055D00000000000000000000000000000000000CB
:1055E00000000000000000000000000008B5054CAD
:1055F000054D064E2046A84708B12046B047044B4B
:105600009847F7E7000000000000000000000000DD
:1056100000000000F8B50D46044617461E46006817
:10562000074B984729463346064D3A462068A84717
:10563000054618B13146044B201D98472846F8BD51
:105640000000000000000000000000002DE9F04F05
:10565000012204460F468BB000F11403D3E8EF1F7C
:10566000002903D1C3E8E02F0028F7D10CBF15466D
:10567000002543D1DFF8E4802E4D64220023E06A48
:10568000C04700284AD1636C606A0093A36C00682D
:10569000294D04F1100204F11801A847E06A274DD2
:1056A000A847DFF89090DFF8B8A0DFF8B8B0642220
:1056B0000023A06AC047002839D106A8D0473A463F
:1056C0002169606A06ABD8471D4E002828D0A06A21
:1056D000A847069D1B4B07A903A8984729461A4BC4
:1056E00003AA2046984703A8B04707A8B04720461A
:1056F000164B984780F00100C0B20CE01449154BDE
:1057000006A89847FF2120460F4B06AA98470C4B46
:1057100006A8984728460BB0BDE8F08FA847ACE72D
:10572000A06AA8470C4B984707A8B047BFE7C847EF
:10573000BDE700BF00000000000000000000000006
:105740000000000000000000000000000000000059
:10575000A1010000000000000000000000000000A7
:10576000000000000000000000232DE9F0470122A6
:1057700004468AB08DF8083000F11403D3E8EF1F17
:10578000002903D1C3E8E02F0028F7D13ED1304FE4
:10579000304D64220023E06AB84700284CD1636C86
:1057A000606A0093A36C00682B4D04F1100204F1B1
:1057B0001801A847E06A294DA847DFF89880DFF86C
:1057C000BC90DFF8BCA064220023A06AB847002880
:1057D0003BD106A8C8472169606A06AB02AAD04738
:1057E0001F4E00282AD0A06AA847069D1D4B07A976
:1057F00003A898471C4B294603AA2046984703A8AC
:10580000B04707A8B0472046184B0AE01849194B83
:1058100006A898472046144BFF2106AA9847104B2C
:1058200006A898470E4D04F11800A847201DA84768
:1058300020460AB0BDE8F087A847AAE7A06AA847B3
:105840000D4B984707A8B047BDE7C047BBE700BF6F
:105850000000000000000000000000000000000048
:105860000000000000000000000000000000000038
:10587000A101000000000000000000000000000086
:105880000000000000232DE9F0470122044688B003
:105890008DF8003000F11403D3E8EF1F002903D185
:1058A000C3E8E52F002DF7D13BD1294F294D6422C4
:1058B0000023E06AB84700283FD1636A04F1100270
:1058C000186804F11801244B9847244DE06AA84752
:1058D000DFF88080DFF8A090DFF8A0A0642200232A
:1058E000A06AB847002831D104A8C8476A46216990
:1058F000606A04ABD0471A4E08B3A06AA847049D5B
:1059000005A9184B01A898472946174B01AA20461C
:10591000984701A8B04705A8B0472046134B9847C1
:1059200001E0134B98470E4D04F11800A847201DC5
:10593000A847204608B0BDE8F087A847B7E7A06AA7
:10594000A8470C4B984705A8B047C7E7C047C5E72D
:105950000000000000000000000000000000000047
:105960000000000000000000000000000000000037
:105970000000000000000000000000000000000027
:10598000F8B50D46044617461E460068074B984773
:1059900029463346064D3A462068A847054618B1C1
:1059A0003146044B201D98472846F8BD00000000F2
:1059B00000000000000000002DE9F04F0122044625
:1059C0000F4689B000F11403D3E8EF1F002903D17B
:1059D000C3E8E52F002DF7D12ED1DFF8C480274D85
:1059E00064220023E06AC04700282AD1636A04F1D8
:1059F0001002186804F11801214B9847214DE06A04
:105A0000A847DFF87890DFF89CA0DFF89CB064220C
:105A10000023A06AC047B0B904A8D0473A4621691C
:105A2000606A04ABD847184E78B9A06AA847174BEC
:105A3000984705A8B047EAE7154B09B0BDE8F04F15
:105A40001847A847CCE7C847E1E7A06AA847049DE4
:105A500005A9104B01A89847294601AA0E4B2046DC
:105A6000984701A8B04705A8B04720460B4B984778
:105A700080F00100C0B209B0BDE8F08F0000000066
:105A80000000000000000000000000000000000016
:105A90000000000000000000000000000000000006
:105AA0000000000000000000000000002DE9F04FA1
:105AB000044600F11008A1B05B4E404604F12409F1
:105AC0000D4604F13807B0474846B0473846B0475E
:105AD0002046564B9847002840F0A0804FF0FF32F8
:105AE0004FF0FF33524938468847A068294603687B
:105AF000504DDB699847A06803689B6A9847002867
:105B000000F08F80A0684C49036825225B689847A5
:105B10004A4E0820B0474A4AA368E060C0E9002323
:105B20001420B0470546DFF858A1E068D0472B465F
:105B300043F8040B1846434B9847256040F6F8207D
:105B4000B0470646E068D047354645F8040B3E4B63
:105B500040F6F42200212846DFF828B1DFF828A11A
:105B6000984706F6F423594628460993D04705F18D
:105B70000C005946D047099B1C359D42F3D10025A6
:105B80006660C6F8F45A314B29464FF4FA709847CC
:105B90000146206500220023CDE9062305234FF4AA
:105BA000FA72CDE90253CDE90055294B294E0495EF
:105BB00004F15800B047E064274B2849984728492A
:105BC0000BA88DF82B50D047CDF8009043460BA979
:105BD0002268244D0EA8A847234B0DF12B010EA8D7
:105BE000984708B19DF82B00204B84F860010EA85F
:105BF00098471F4D0BA8A8471E490EA8D0474FF441
:105C000080730BAA0EA920460B931B4B98470EA836
:105C1000A8473846194B98479DF82B0021B0BDE89E
:105C2000F08FA84767E700BF0000000000000000F9
:105C300000000000000000000A0100000000000059
:105C4000080000000000000000000000000000004C
:105C50000000000000000000000000003001000013
:105C600037010000000000000000000000000000FC
:105C7000000000003F0100000000000000000000E4
:105C8000000000002E0200000000000010B50446D5
:105C900000F58150064B083098472069054B98471E
:105CA00020B94FF4E1312069034B984710BD00BF84
:105CB0000000000000000000000000002DE9F04797
:105CC0002A4BA0B00546ADF81610984788B105F5E7
:105CD000815408344FF0FF334FF0FF3220462449FF
:105CE00005F58059884799F83C30224F2BB1204662
:105CF000B847002020B0BDE8F08707AE1E49DFF8A6
:105D000088A03046D0471D490AA8D5F81080D04752
:105D10000DF11603CDE9016308F124030093D8F8CF
:105D2000002008F110030AA9DFF860800DA8C04721
:105D300005F11401124B0DA898470546114B0DA80B
:105D40009847DFF84C800AA8C04789F83C504DB10D
:105D5000BDF816303046A9F83E30C0472046B84757
:105D60000120C7E73046C047C1E700BF0000000080
:105D7000000000000000000098020000A0020000E7
:105D80000000000000000000000000000000000013
:105D9000000000002DE9F0472A4BA0B00546ADF801
:105DA0001620984788B105F5815408344FF0FF3329
:105DB0004FF0FF322046244905F58059884799F86D
:105DC0003C30224F2BB12046B847002020B0BDE820
:105DD000F08707AE1E49DFF888A03046D0471D493E
:105DE0000AA8D5F81080D0470DF11603CDE901635C
:105DF00008F124030093D8F8002008F110030AA941
:105E0000DFF860800DA8C04705F11401124B0DA802
:105E100098470546114B0DA89847DFF84C800AA813
:105E2000C04789F83C504DB1BDF816303046A9F84E
:105E30003E30C0472046B8470120C7E73046C0473C
:105E4000C1E700BF000000000000000000000000EB
:105E500098020000A0020000000000000000000006
:105E6000000000000000000000000000F8B50D4632
:105E7000044617461E460068074B98472946334696
:105E8000064D3A462068A847054618B13146044BEE
:105E9000201D98472846F8BD0000000000000000C3
:105EA000000000002DE9F04F012204460F4689B0A2
:105EB00000F11403D3E8EF1F002903D1C3E8E52F55
:105EC000002DF7D12ED1DFF8C480274D64220023A6
:105ED000E06AC04700282AD1636A04F110021868FA
:105EE00004F11801214B9847214DE06AA847DFF8DB
:105EF0007890DFF89CA0DFF89CB064220023A06AB1
:105F0000C047B0B904A8D0473A462169606A04ABDB
:105F1000D847184E78B9A06AA847174B984705A8E4
:105F2000B047EAE7154B09B0BDE8F04F1847A8475E
:105F3000CCE7C847E1E7A06AA847049D05A9104B34
:105F400001A89847294601AA0E4B2046984701A868
:105F5000B04705A8B04720460B4B984780F001009A
:105F6000C0B209B0BDE8F08F0000000000000000E2
:105F70000000000000000000000000000000000021
:105F80000000000000000000000000000000000011
:105F900000000000000000002DE9F043424B9DB0DE
:105FA0009847424E4FF4E1314148B047414C424896
:105FB000424B9847DFF840814FF0FF324FF0FF33FC
:105FC0003D48C0473E4D94F8349204F50870A84708
:105FD0002F46B9F1000F12D14FF0FF334FF0FF32CF
:105FE00004F50870C0472069364B984798B94FF4BC
:105FF000E1312069B04770B904F50870A84741F253
:106000007201314B3148984731492A48314B1DB014
:10601000BDE8F0431847002325692F498DF80F305C
:1060200007A82E4B984705F1240300932A6805F131
:10603000100307A92A4D0AA8A8472A4B0DF10F0102
:106040000AA8984708B19DF80F00DFF8B08084F8DF
:1060500034020AA8C047244E07A8B047DFF87C9056
:10606000224904A8C8472569214907A8C84705F15E
:10607000240300932A6805F1100307A9184D0AA804
:10608000A8471C4B04A90AA8984705460AA8C04778
:1060900007A8B04785F00105074884F83552B8478E
:1060A00004A8B047ABE700BF0000000000000000FC
:1060B00000000000000000002002000000000000BE
:1060C00000000000000000000000000000000000D0
:1060D00098030000000000008003000000000000A2
:1060E0000000000000000000000000002E02000080
:1060F0008E0300000000000000000000000000000F
:1061000038B5044600F5815508354FF0FF32074990
:106110004FF0FF33284604F58054884794F83C40FC
:106120002846034B9847204638BD00BF00000000BA
:106130000000000000F580539A6852B15A68805CF4
:106140005A680132C2F30B025A609A68013A9A60A7
:1061500070474FF0FF3070472DE9F041044600F1E1
:1061600030070E4615464FF0FF334FF0FF323846EA
:106170000649884720462946054B40F8046B984756
:106180003846BDE8F041034B184700BF000000004F
:10619000000000000000000038B5044600F13005A2
:1061A0004FF0FF3207494FF0FF33284688472468F5
:1061B0002846002CD4BF00240124034B98472046D6
:1061C00038BD00BF00000000000000002DE9F04FC6
:1061D000012204460F468BB000F11403D3E8EF1FF1
:1061E000002903D1C3E8E02F0028F7D10CBF1546E2
:1061F000002543D1DFF8E4802E4D64220023E06ABD
:10620000C04700284AD1636C606A0093A36C0068A1
:10621000294D04F1100204F11801A847E06A274D46
:10622000A847DFF89090DFF8B8A0DFF8B8B0642294
:106230000023A06AC047002839D106A8D0473A46B3
:106240002169606A06ABD8471D4E002828D0A06A95
:10625000A847069D1B4B07A903A8984729461A4B38
:1062600003AA2046984703A8B04707A8B04720468E
:10627000164B984780F00100C0B20CE01449154B52
:1062800006A89847FF2120460F4B06AA98470C4BBB
:1062900006A8984728460BB0BDE8F08FA847ACE7A2
:1062A000A06AA8470C4B984707A8B047BFE7C84764
:1062B000BDE700BF0000000000000000000000007B
:1062C00000000000000000000000000000000000CE
:1062D000A10100000000000000000000000000001C
:1062E00000000000000000002DE9F04F6E4BA5B04B
:1062F00082460E461546984700230446002800F0C3
:10630000C080CDE9043334463544684F684E069367
:10631000A54240F08B800AF5815408344FF0FF32DB
:106320004FF0FF332046634EB047DAF81070002577
:10633000BB466149DFF8C09107A8C8475F4B11A869
:106340005BF8108B243798475D4B07A917A8CDE958
:1063500015559847294614221C971DA8594FCDE979
:106360001A8BB8470AF1140223921DA8564A04AFAB
:106370002297904755490DA8C847DFF868B1FF211B
:106380000DAA11A8D847DFF860A10DA8D047504A40
:1063900003A911A89047012280468DF8085016AB3A
:1063A000D3E8EF1FA94203D1C3E8E02F0028F7D1BB
:1063B0004DD1484D642200231C98B047002864D179
:1063C000229B1A9800930068239B434D15AA17A996
:1063D000A847424D1C98A847AB46DFF820A1404D86
:1063E000642200231B98B047002857D1334B0DA8D7
:1063F000984715991A980DAB02AAA847002846D0CD
:106400001B98364B98470D9D0EA92D4B0AA898470F
:106410002946344B0AAA11A89847334D0AA8A84721
:106420000EA8A847314B11A8984719E0DDE90513DC
:10643000994208D00120B84723780370059B0133A7
:106440000593013464E7224604A8B047F9E72849D8
:106450000DA8C84711A8FF210DAAD8470DA8D047FD
:10646000214D17A8A84712A8A84707A8A847204663
:106470001A4B9847B8F1000F13D0039C38461D4BB8
:106480009847204625B0BDE8F08FA84792E71B98B3
:10649000D847D047144B0EA89847A1E70D4B984713
:1064A0009EE74446EAE700BF00000000000000004D
:1064B0000000000000000000AC020000000000002E
:1064C000000000000000000000000000C201000009
:1064D00000000000000000000000000000000000BC
:1064E00000000000000000000000000000000000AC
:1064F000A1010000000000000000000000000000FA
:1065000007B5054B8DF8071001220DF107019847DB
:1065100003B05DF804FB00BF000000001FB5044697
:106520000749084B01A89847FF21204601AA064BBE
:106530009847064B01A89847002004B010BD00BF43
:10654000A1010000000000000000000000000000A9
:106550002DE9FF4104468846002517461E46144B88
:1065600098474146C4E90455124B04F11800984776
:106570000A9B2946E36204F1300314221846C4E959
:1065800009760D4DA8470B9A0C4B626498470C494D
:106590000C4B01A89847FF21204601AA0A4B9847B7
:1065A0000A4B01A89847204604B0BDE8F08100BF1F
:1065B00000000000000000000000000000000000DB
:1065C000C201000000000000000000000000000008
:1065D0002DE9F04F012204460F4689B000F1140363
:1065E000D3E8EF1F002903D1C3E8E52F002DF7D131
:1065F0002FD1DFF8C880284D64220023E06AC0470D
:1066000000282BD1606A636C0068244D04F11002ED
:1066100004F11801A847E06A214DA847DFF87890F7
:10662000DFF89CA0DFF89CB064220023A06AC0477A
:10663000B0B904A8D0473A462169606A04ABD8478C
:10664000184E78B9A06AA847174B984705A8B047D5
:10665000EAE7164B09B0BDE8F04F1847A847CBE76B
:10666000C847E1E7A06AA847049D05A9104B01A807
:106670009847294601AA0F4B2046984701A8B047E2
:1066800005A8B04720460C4B984780F00100C0B2E7
:1066900009B0BDE8F08F00BF00000000000000005E
:1066A00000000000000000000000000000000000EA
:1066B00000000000000000000000000000000000DA
:1066C00000000000000000002DE9F041044600F544
:1066D000815508354FF0FF334FF0FF3228461949F6
:1066E0009AB004F58057884797F83C3023B3164991
:1066F000DFF8708002A8C0472669144905A8C04782
:10670000143406F12403019400933268104C06F10E
:10671000100305A908A8A04702A90E4B08A898478E
:1067200080F001000C4B87F83C0008A898470B4C00
:1067300005A8A04702A8A0472846094B1AB0BDE803
:10674000F0411847000000002E0200006702000020
:106750000000000000000000000000000000000039
:1067600000000000000000002DE9F041044600F1A7
:1067700030070E4615464FF0FF334FF0FF323846D4
:106780000649884720462946054B40F8046B984740
:106790003846BDE8F041034B184700BF0000000039
:1067A000000000000000000038B5044600F130058C
:1067B0004FF0FF3207494FF0FF33284688472468DF
:1067C0002846002CD4BF00240124034B98472046C0
:1067D00038BD00BF00000000000000002DE9F04FB0
:1067E000012204460F468BB000F11403D3E8EF1FDB
:1067F000002903D1C3E8E02F0028F7D10CBF1546CC
:10680000002545D1DFF8E8802F4D64220023E06A9F
:10681000C04700284CD1636C606A0193A36C2B4D78
:106820000093E36C006804F1100204F11801A8471A
:10683000E06A274DA847DFF89090DFF8B8A0DFF8AE
:10684000B8B064220023A06AC047002839D106A846
:10685000D0473A462169606A06ABD8471D4E0028EA
:1068600028D0A06AA847069D1B4B07A903A89847F4
:1068700029461A4B03AA2046984703A8B04707A801
:10688000B0472046164B984780F00100C0B20CE09C
:106890001449154B06A89847FF2120460F4B06AA1E
:1068A00098470C4B06A8984728460BB0BDE8F08FD8
:1068B000A847AAE7A06AA8470C4B984707A8B04783
:1068C000BFE7C847BDE700BF0000000000000000B0
:1068D00000000000000000000000000000000000B8
:1068E00000000000A1010000000000000000000006
:1068F0000000000000000000000000002DE9F04F43
:10690000664BA7B004460F4615469847002800F08E
:10691000B68004F5815608364FF0FF324FF0FF3352
:106920003046DFF8B481C04704F582533946184633
:106930005B4A0593904704F58052A2F84C5000251D
:1069400027695849DFF8949108A88DF81F50C84767
:106950003A4652F8103BDFF888A112A8CDE903327D
:10696000DFF880B1D04708A918A8CDE91655D84757
:10697000049A039B243729461C921D9714224A4FE0
:106980001EA81B93B847059B04F582520C32249332
:106990001434464B1EA823922594984744490EA8C8
:1069A000C847FF21434B0EAA12A89847424F0EA892
:1069B000B847424A0DF11F0112A89047044608B19A
:1069C0009DF81F4001228DF81C5017A8D0E8EF1F3A
:1069D000002903D1C0E8E52F002DF7D13AD1384D79
:1069E000642200231D98C04700284BD1239B1B988D
:1069F0000193249B334D00930068259B16AA18A988
:106A0000A8471D98304DA847304FDFF8DC9064222E
:106A100000231C98C04700283DD10EA8D0471699E6
:106A20001B980EAB07AAB84700282DD01C98A84782
:106A30000E9D0FA90BA8D84729461E4B0BAA12A8DA
:106A400098471D4D0BA8A8470FA8A847204B12A890
:106A5000984709E01F490EA8C84712A8FF21154B07
:106A60000EAA98470EA8B847134D18A8A84713A810
:106A7000A84708A8A8473046134B9847204627B098
:106A8000BDE8F08FA847ABE71C98A847C8470A4B5A
:106A90000FA89847BBE70A4B9847B8E700000000EB
:106AA00000000000300200000000000000000000B4
:106AB000C201000000000000000000000000000013
:106AC00000000000000000000000000000000000C6
:106AD00000000000A1010000000000000000000014
:106AE00000000000000000000000000030B5044677
:106AF000154685B001A8074B98472A4601992046BC
:106B0000054B98470446054B01A89847204605B019
:106B100030BD00BF000000000000000000000000C9
:106B20002DE9F043D0F8146404460F4690461D4604
:106B30008BB096B14A4B04A898474A4B04A8984793
:106B4000D4F81034211D19443246474B04A8984705
:106B500038B90026454B05A8984730460BB0BDE82C
:106B6000F0834FF00009424E03AB02AA01A904A82A
:106B7000CDF80490B04706460028EAD0039BBB42FC
:106B8000E7D1029B3B4F012B1BD02846FC233A49FF
:106B900040F8043B394B98472046D4F81024D4F8E9
:106BA0001414B847D4F810342BB94FF0FF32C4F89E
:106BB0000C34C4F80824D4F81C340133C4F81C3451
:106BC000C8E7019B042B05D02846FC232C4940F83C
:106BD000043BDFE72B4B04A88DF80090984788B35F
:106BE0009DF824301BB1DDE905239A4208D100232A
:106BF0008DF825302846FC23234940F8043BC9E79B
:106C00009B1A089AB2EBA30FF1D2204B04A8984725
:106C10009DF825308DF80000002BEBD041461C4B31
:106C200004A898470028E5D0D4F810242AB94FF0DA
:106C3000FF33C4F80C24C4F808342046D4F81414E4
:106C4000B84787E76A462946124B04A898470028A8
:106C5000EAD12846FC23104940F8043B9AE700BFDC
:106C60000000000000000000000000000000000024
:106C700000000000000000000B0000000000000009
:106C8000240000000000000041000000000000009F
:106C90000000000000000000620000002DE9F04F3D
:106CA000012204468A4689B000F11403D3E8EF1F9D
:106CB000002903D1C3E8E52F002DF7D133D1DFF848
:106CC000E4802C4D64220023E06AC04700282FD1C5
:106CD000606A636C0068284D04F1100204F1180129
:106CE000A847E06A254DA847DFF88890DFF8B8B0DC
:106CF00064220023A06AC047E0B9214B04A898474A
:106D0000676A26693868D847314652461D4E38684A
:106D100004ABB0471C4E78B9A06AA8471B4B9847F4
:106D200005A8B047E4E71A4B09B0BDE8F04F184793
:106D3000A847C7E7C847DBE704A9164B381D9847A3
:106D4000A06AA847049D05A9134B01A898472946A6
:106D500001AA124B2046984701A8B04705A8B047A2
:106D600020460F4B984780F00100C0B209B0BDE843
:106D7000F08F00BF000000000000000000000000D5
:106D80000000000000000000000000000000000003
:106D900000000000000000000000000000000000F3
:106DA0000000000000000000000000002DE9F0419C
:106DB000224B98B00446984700282ED04FF0000888
:106DC00004F5815508354FF0FF324FF0FF331C4971
:106DD0002846884726691B491B4B03A8CDF8088025
:106DE000984704F11403019306F1240300933268D9
:106DF00006F1100303A9154E06A8B04702A9144BCB
:106E000006A898470646134B06A89847124B03A8B6
:106E10009847124F2EB92846B847002018B0BDE851
:106E2000F0810F490F4B04F5825004F580549847C8
:106E30002846A4F84C80B8470120EFE70000000086
:106E400000000000B602000000000000000000008A
:106E50000000000000000000000000000000000032
:106E60002E0200000000000070B5044600F58155B8
:106E700008350B494FF0FF324FF0FF33284604F539
:106E800080568847716AC1F58051002902DD20468D
:106E9000044B9847746A2846034B9847204670BDB8
:106EA0000000000000000000000000002DE9F04795
:106EB00000F5815608360446894690464FF0FF3368
:106EC0004FF0FF323046134988470025DFF854A0C1
:106ED00004F58057B7F86A300BB1454505D3304605
:106EE0000D4B98472846BDE8F0877B6A33B92046AA
:106EF0000A4B984710B90A4B9847EBE704F11C007E
:106F0000D04709F80500B7F86A300135013BA7F80A
:106F10006A30DFE700000000000000000000000011
:106F2000000000000000000007B5054B01220DF134
:106F3000070198479DF8070003B05DF804FB00BF08
:106F400000000000F8B52C4A2C4913680133012BCE
:106F5000136006D100222A4BC3E9072219601A7672
:106F60005A6200244FF47A73264E4FF48052C6E9D9
:106F70000143254B06F5805533600123C6E904140F
:106F8000224F214606F11C00B361B8471422214666
:106F900005F12800EC612C626C62B8471C4906F5CB
:106FA00082501C4E85F83C40EC87B0471A4B05F1E7
:106FB0005000A5F84C409847154905F16C00AC66A7
:106FC000B047164B124905F16C009847144AAC675C
:106FD00013680133012B13600DD10326114DC5E950
:106FE000004405F108004FF484620021B847013ED7
:106FF00005F58565F3D1F8BD000000000000000034
:107000000000000000000000080000000000000078
:107010002E02000000000000000000000000000040
:10702000000000000000000038B50B4A0B4D13684B
:107030000B4C013B13600B4B0B482B60A04705F535
:107040008250A047094A1368013B136013B90848EE
:10705000084B984738BD00BF00000000000000004A
:1070600000000000080000006C100000000000009C
:107070001C00000000000000704707B503688DF891
:10708000071001225B680DF10701984703B05DF816
:1070900004FB0000004B18470000000000490847AF
:1070A0000000000038B50C1A002C134605DD01461F
:1070B00022461846024DA8470346181938BD00BF9E
:1070C00000000000002810B506D001DA034B9847F5
:1070D000034BBDE81040184710BD00BF0000000082
:1070E00000000000004B18470000000010B500F140
:1070F00030044FF0FF3320464FF0FF3203498847FA
:107100002046BDE81040024B184700BF00000000B9
:107110000000000070B5044600F508764FF0FF321D
:107120004FF0FF33304613498847D4F81C32124AD7
:1071300023B9304690474FF0FF3070BDD4F81C3271
:10714000ABB1D4F8183223441D7DD4F81832013382
:10715000C3F30803C4F81832D4F81C32013BC4F856
:107160001C323046D4F81C329047E8B2E5E74FF0C5
:10717000FF35F6E7000000000000000038B50446C7
:1071800000F508754FF0FF334FF0FF3228460A49EB
:107190008847D4F81C325BB1D4F81C3243B1D4F820
:1071A00018321C44247D2846044B9847204638BD9D
:1071B0004FF0FF34F7E700BF0000000000000000C0
:1071C0000A200021004B1847000000002DE9F0477D
:1071D000D0E901739F4204468846DFF878A00AD0C0
:1071E00039460120D04798F80030037063680133B6
:1071F0006360BDE8F087134A0121134B9847134B96
:10720000266881469847B91B014405460120D047AE
:1072100098F80030394603702A46DFF83C80304643
:10722000C0473946421C3846C047074626B1A168C8
:107230003046074B891B9847C4E900574D44A56069
:10724000D7E700BF66030000000000000000000058
:107250000000000000000000000000002DE9F047E1
:10726000D0E901739F4204468846DFF878A00AD02F
:1072700039460120D04798F8003003706368013325
:107280006360BDE8F087134A0121134B9847134B05
:10729000266881469847B91B014405460120D0471E
:1072A00098F80030394603702A46DFF83C803046B3
:1072B000C0473946421C3846C047074626B1A16838
:1072C0003046074B891B9847C4E900574D44A560D9
:1072D000D7E700BF660300000000000000000000C8
:1072E00000000000000000000000000007B5044B93
:1072F0008DF807100DF10701984703B05DF804FB06
:10730000000000002DE9F047D0E901739F420446D8
:107310008846DFF878A00AD039460120D04798F88F
:1073200000300370636801336360BDE8F087134A7F
:107330000121134B9847134B266881469847B91B88
:10734000014405460120D04798F8003039460370C3
:107350002A46DFF83C803046C0473946421C384652
:10736000C047074626B1A1683046074B891B98479E
:10737000C4E900574D44A560D7E700BF660300008D
:1073800000000000000000000000000000000000FD
:10739000000000007E2913B504460AD80D4B8DF875
:1073A00007100DF107019847E3680133E36002B06D
:1073B00010BDFF2903D8084BC9B29847F7E7B1F5CC
:1073C000803F03D2054B89B29847F0E7044B9847BA
:1073D000EDE700BF0000000000000000000000001A
:1073E0000000000073B50C1E054621DB7E2C08DC76
:1073F0008DF8044001A9234B9847EB680133EB60FB
:1074000008E0E317B4F5807F73F1000204D21E4B4D
:10741000E1B2984702B070BDB4F5803F73F100034C
:1074200003D21A4BA1B29847F4E7194B9847F1E7FA
:1074300014F11E0FDCDA14F1800F164B06DBD0219D
:10744000984728468DF8044001A9D4E714F5004F69
:10745000114E0BDBD121ADF80440984728460DF1C1
:107460000501B047284601A9B047C6E70194D221DB
:107470009847032401AB19192846B047013CF9D2BB
:10748000BBE700BF0000000000000000000000009B
:107490000000000000000000000000002DE9FF4790
:1074A0000025894698460446D0F818740421684699
:1074B000DFF874A01646CDE90055CDE90255D04756
:1074C00029466846134B9847134B394668469847F8
:1074D000124D49466846A84701216846D0474146B3
:1074E0006846A847DDE900156D1A2A4620460C4B70
:1074F000984785420B4A04D06846904704B0BDE8DF
:10750000F087D4F8183468460133C4F8183490472B
:107510003760F3E7000000000000000000000000FA
:107520000000000000000000000000002DE9FF47FF
:107530000025894698460446D0F818740421684608
:10754000DFF878A01646CDE90055CDE90255D047C1
:107550002946154B68469847144D39466846A84752
:10756000134B49466846984701216846D04768460C
:10757000D8F80010A847DDE900156D1A2A46204604
:107580000C4B984785420C4A04D06846904704B09B
:10759000BDE8F087D4F8183468460133C4F81834CD
:1075A00090473760F3E700BF0000000000000000D4
:1075B00000000000000000000000000000000000CB
:1075C0002DE9F04304460D461646DFF89490DFF8A7
:1075D000948085B000F12407642200233846C84710
:1075E000002831D12368CDE90000CDE90200DFF8A1
:1075F000789068460321D3F80080C847134B68464B
:1076000002219847124C29466846A0476846012146
:10761000C84731466846A047DDE90014641A0D4B9F
:10762000224640469847844208BFD8F81834684636
:1076300004BF0133C8F81834074B98473846074B46
:1076400005B0BDE8F0431847C047C5E7000000009B
:10765000000000000000000000000000000000002A
:107660000000000000000000000000002DE9F041D3
:10767000044600F130070E4615464FF0FF334FF039
:10768000FF3238460649884720462946054B40F8D0
:10769000046B98473846BDE8F041034B184700BFDC
:1076A0000000000000000000000000002DE9F04F85
:1076B000A3B003AF0C469046814692493846924E9D
:1076C000B047DFF888A204EB0805AC4275D14FF053
:1076D000000A99F83532D9F810508C4C8C49CDF805
:1076E00008A0002B00F00181A94606A8B047DFF8EA
:1076F000608259F810BB10A8C047243506A9CDE90F
:1077000014AA844B16A8984714225146CDE919B9FA
:10771000814B1B951CA898472197804B1CA8984724
:107720007F490CA8B0477F4DFF210CAA10A8A8479D
:107730000CA8A047012315A9D1E8EF2F524503D18A
:10774000C1E8E03F0028F7D13CD1DFF8E891764D61
:10775000642200231B98C847002840F085801998B0
:10776000219B006814AA16A9704DA8471B98704B5E
:107770009847DFF8B491DFF8DCA1642200231A985F
:107780006C498847002840F08D800CA8C047199D9F
:10779000DDF850B02868D04759462868DFF8B8B1FE
:1077A0000CAB02AAD847002860D11A98604B9847C2
:1077B000614B98470DA8A047DFE7384614F8011B36
:1077C000D04782E75D490CA8B04710A8FF210CAA5A
:1077D000A8470CA8A04700238DF80430012315A961
:1077E000D1E8EF2F002A03D1C1E8E03F0028F7D10C
:1077F0005AD1504E4C4D642200231B98B0470028AC
:1078000069D11998219B0068484D14AA16A9A84768
:107810001B98474DA847DFF81091DFF840A1DFF82B
:1078200018B1642200231A98B04700285BD10CA835
:10783000C047149919980CAB01AAD04700284CD026
:107840001A98A8470C9D0DA9324B09A898472946BC
:10785000344B09AA10A8984709A8A0470DA8A0472B
:10786000374B10A8984729E0A84771E70C9B0DA952
:1078700045F8043F281D334B98471A982C4B9847DE
:107880000C9D0DA9234B09A898472946254B09AA09
:1078900010A8984709A8A0470DA8A047284B10A8F2
:1078A000984798E7C84768E724490CA8B04710A84C
:1078B000FF211C4B0CAA98470CA8A04716A8A0476C
:1078C00011A8A04706A8A047029D3846A047284611
:1078D00023B0BDE8F08FA8478DE71A98A847D8478E
:1078E0000DA8A0479DE7C8479BE710A8B0473A46B8
:1078F0002846154B10A9984710A8A047CDF8088036
:10790000E2E700BF2F0200000000000000000000BE
:10791000580100000000000000000000000000000E
:1079200062010000000000000000000000000000F4
:1079300000000000000000000000000080010000C6
:107940000000000000000000000000000000000037
:107950000000000000000000000000000000000027
:107960002DE9F04F012204468A4689B000F1140344
:10797000D3E8EF1F002903D1C3E8E02F0028F7D197
:107980000CBF1546002534D1DFF80081324D64224A
:107990000023E06AC04700283BD1606A636C00683E
:1079A00004F1100204F118012C4DA8472C4EE06A96
:1079B000B047DFF8A490DFF8D8B064220023A06AB3
:1079C000C047002845D1274B04A89847656A276916
:1079D0002868D84739465246234F286804ABB84731
:1079E000224FC0B9A06AB047214B984705A8B847B5
:1079F000E3E72049204B04A89847FF2120461F4B6E
:107A000004AA9847194B04A89847284609B0BDE82E
:107A1000F08FA847BBE7049B05A945F8043F281D44
:107A2000174B9847A06AB047049D164B05A901A8BB
:107A300098472946114B01AA2046984701A8B84704
:107A400005A8B8472046104B984780F00100C0B207
:107A5000DCE7C847B1E700BF0000000000000000FD
:107A60000000000000000000000000000000000016
:107A70000000000080010000000000000000000085
:107A800000000000000000000000000000000000F6
:107A9000000000002DE9F04FA3B00646039179B134
:107AA00000F5087B4FF0FF334FF0FF325846DFF808
:107AB000D081C04796F834322BB95846604B98476E
:107AC00023B0BDE8F08F002435695E495E4F09A8F8
:107AD000CDE906440894B8472B4653F8102BDFF83D
:107AE000A49110A8CDE90123DFF89CA1C84709A9FA
:107AF00016A8CDE91444D047019A029B19921A9313
:107B000014222146514B24351CA81B95984703ABE2
:107B100021934F4B1CA898474E490CA8B8474E4D8F
:107B2000FF210CAA10A8A8474C4C0CA8A04709A8F4
:107B3000A0474B4B06A910A89847002846D15846A5
:107B40003F4EB04700238DF81430012315A9D1E82A
:107B5000EF2F002A03D1C1E8E03F0028F7D10196BA
:107B600050D1404F642200231B98C04700285BD1AE
:107B70001998219B00683C4F14AA16A9B8471B9876
:107B80002F4FB847DFF8DCB0642200231A98C047B3
:107B9000002853D10CA8C847344E149919980CAB3F
:107BA00005AAB047002841D0019B1A9898470C9E1F
:107BB0000DA909A8D047314609AA10A8A84709A8C5
:107BC000A0470DA8A0472A4B10A824E0DDE9062114
:107BD0008A42B4D0D6F81C32B3F5007F10D0D6F864
:107BE0001432107833441875D6F814320133C3F3C5
:107BF0000803C6F81432D6F81C320133C6F81C321A
:107C00000132E5E71B490CA8B84710A8FF210CAAD0
:107C1000A847124B0CA8984716A8A04711A8A04740
:107C2000154B06A898474BE7B8479BE71A98B84703
:107C3000124B9847094B0DA89847A5E7D847A3E7EB
:107C4000000000004F0100000000000000000000E4
:107C500000000000620100000000000000000000C1
:107C60000000000000000000000000000000000014
:107C70000000000080010000000000000000000083
:107C800000000000000000000000000038B50446BD
:107C900000F508750B494FF0FF324FF0FF332846CF
:107CA0008847D4F81C12C1F50071002902DD204676
:107CB000054B9847D4F81C422846044B9847204669
:107CC00038BD00BF00000000000000000000000000
:107CD000F8B52E4A2E4E13680133012B136006D1DE
:107CE00000222C4BC3E907221E601A765A62002438
:107CF000294F142221462948C6E90044F460B847B8
:107D0000142221462648B847142221462548B84760
:107D10004FF4847221462448C6E91344B847234BE4
:107D2000234DB3604FF47A73AB60224B4FF4007273
:107D3000214605F114002B6086F860416C602E61CD
:107D4000B8471422214605F50870C5F81442C5F855
:107D50001842C5F81C42B8474FF48073164AA5F87C
:107D6000343213680133012B13600DD10326134DF8
:107D7000C5E9004405F108004FF484620021B847CA
:107D8000013E05F58565F3D1F8BD00BF0000000098
:107D900000000000000000000000000010000000D3
:107DA000240000003800000058000000000000001F
:107DB00000000000080000000000000000000000BB
:107DC00008B5064A1368013B1360054A1368013B76
:107DD000136013B90348044B984708BD0000000026
:107DE000000000001C000000000000002DE9F04F22
:107DF000027D0546012A0E4685B040F08F8004467C
:107E00004FF0FF3100208B4603462779002F40D1E9
:107E10006779002F3DD14F1C0DBF012301335BB2A9
:107E200041B2934201DD1A468B460130082804F125
:107E30000204EAD14FF00008444602EB0B03DFF8DE
:107E400014A10193C34502DC019B43454DDC2B7912
:107E500095F8059003F00F021B094FEA191709F076
:107E60000F0919D12ABB8FBBB9F1090F94BF09F1D2
:107E7000300109F157013046D047B8F1070F0444EB
:107E800048D03A213046D04708F101080444023571
:107E9000D8E74FF0FF31C8E7092B94BF03F1300159
:107EA00003F157013046CDE90232D047DDE9023215
:107EB0000444092A039312D802F130013046029299
:107EC000D047DDE9022313430444CCD0092F94BFEB
:107ED000303757373046F9B2D0470444C4E730460C
:107EE00002F15701D0470444F0E7C3450BD1194FC5
:107EF000BBF1000F03D13A213046B84704443A2180
:107F00003046B847044408F10108B8F1080F05F1FC
:107F1000020597D1204605B0BDE8F08F0027DFF8B5
:107F20003890DFF830A000F10F0800F1120B18F8BC
:107F3000011F0A223046C8472E2104463046D0474A
:107F4000C34504442744F2D10A223046E97CC8479D
:107F5000C419DFE7000000000000000010B504466F
:107F6000044B0175036010220021034B0430984735
:107F7000204610BD080000000000000010B50446B7
:107F80000021024B9847204610BD00BF00000000B2
:107F900030B5074D8374056000259DF80C300575DC
:107FA00045608560C56001744274C37430BD00BF14
:107FB0000800000030B5CB7C89B002938B7C04466E
:107FC00001934B7C074A00930B7C1021064D0DEB6F
:107FD0000100A8472046054B04A99847204609B050
:107FE00030BD00BFC402000000000000000000001F
:107FF00030B5CB7C9BB00E938B7C04460D934B7CB1
:10800000124A0C930B7C124D0B93CB7B10A80A9356
:108010008B7B09934B7B08930B7B0793CB7A06935F
:108020008B7A05934B7A04930B7A0393CB79029363
:108030008B7901934B7900930B792821A84720462F
:10804000044B10A9984720461BB030BDD002000059
:10805000000000000000000010B50B7D04461BB9B5
:10806000024B9847204610BD014BFAE70000000084
:108070000000000070B510220D4604460021184B88
:10808000043098470022691E4FF0FF3307E0A0F14B
:108090003005EEB2092E18D85E1C0CD12BB211F8A7
:1080A000010F0028F3D1032A04D15A1C02D02075F5
:1080B0000120E37470BD03EB830305EB4305A8B215
:1080C000FF282BB2EBD90020F4E72E28FBD1032A9E
:1080D000F9D0581CF7D0501C22441374C2B2D3E715
:1080E000000000002DE9F84F0024064688464FF0B6
:1080F000FF372546DFF8F0B098F8000040B97B1C48
:1081000042D1072C3ED16DBA75820120307539E01D
:10811000D847334B814608F1010A984790B1B9F12D
:10812000660F0DDC5FFA89F3B9F1600FC4BF273B1E
:10813000DBB203EB0513A3F13005B5F5803F1DD38A
:1081400000201FE0B9F13A0FFAD198F801003A285F
:1081500016D10137F4D198F802203A2AF0D0002D38
:108160000CBF2746671C08F1020A072CE8D006EB73
:1081700044032A0A5D7100251A710134D046BBE719
:108180000028F2D1BDE8F88F062CFBDC06EB440397
:108190002A0A01341A715D717A00E31B5B0007F152
:1081A0000801101D5D1E091B034449003344002DC6
:1081B0000DDAC4F108042744002CC2EB47024FF04B
:1081C0000001B8BF0022074B304498479DE713F8E1
:1081D00001ED013DA3EB020C0CF801E0E7E700BF65
:1081E00000000000000000000000000070B5064B19
:1081F00004460D46984728B929462046BDE87040F8
:10820000024B184770BD00BF0000000000000000D6
:1082100013B5064B0121064898470023054C1A4622
:10822000194600930448A04702B010BD00000000AA
:1082300000000000000000000000000070B50546CE
:108240000C46084649B1054B98472B680246214623
:108250002846BDE870405B68184770BD000000000C
:1082600008B5014B984708BD0000000003681B6873
:108270001847000008B50249024B984708BD00BFE7
:10828000010200000000000038B5044B0546984785
:10829000034B044628469847204438BD00000000A0
:1082A00000000000004B1847000000000023012AD6
:1082B00098BF0A22F0B58BB00C468DF8243009A97E
:1082C000B4FBF2F6274602FB1645EBB2092D94BF2C
:1082D00030333733DBB2BA42344601F8013DEFD9CF
:1082E000014B98470BB0F0BD0000000010B42AB954
:1082F00002685DF8044B1268C9B21047024B5DF882
:10830000044BD2B2184700BF00000000004B1847D2
:108310000000000038B5094D0446A847E060236816
:1083200020465B699847002807DAA847E368C01A27
:10833000A3689842F3D34FF0FF3038BD000000002F
:10834000816070472DE9F04107460D460C46DFF885
:108350001C808E18B44202D1601BBDE8F081384603
:10836000C047031EF8DB04F8013BF3E70000000000
:1083700000230A6802604A68C1E9003342608A68E3
:108380008B6082607047000010B50446006808B139
:10839000014B9847204610BD0000000010B5044670
:1083A000006808B1034B98470023C4E901332360F8
:1083B00010BD00BF0000000038B504460D4600683F
:1083C000034B0131984710B1C4E90005012038BDC5
:1083D0000000000010B50368044613B143688B42E7
:1083E00007D22046044B984720B1A3680BB92268F6
:1083F0001370012010BD00BF0000000070B50B4BD2
:108400000E46114604461546984720B92046084BAB
:108410009847204670BD2A463146064B2068A56025
:10842000984700212268A368D154F2E700000000B9
:10843000000000000000000038B5002304460D468F
:10844000C0E90033836039B10846044B9847294698
:108450000246034B20469847204638BD00000000E6
:1084600000000000884238B505460C460CD0074B8A
:108470000068984723682B60A368AB6063686B60F3
:108480000023C4E90133236038BD00BF00000000B1
:10849000884210B50B46044604D0096821B19A6899
:1084A000034B9847204610BD024B9847FAE700BFA0
:1084B0000000000000000000002310B50446C0E9E1
:1084C00000338360014B9847204610BD0000000038
:1084D00010B50446014B9847204610BD000000002F
:1084E00038B505460C4649B10846064B9847214623
:1084F0000246054B28469847284638BD034B984707
:10850000FAE700BF000000000000000000000000CB
:10851000F8B5044616460F46856809B90020F8BD2F
:1085200082B115442946084B98470028F6D0A36825
:108530002068324618443946044B98470022236885
:10854000A5605A550120EAE7000000000000000085
:1085500007B5054B8DF8071001220DF1070198476B
:1085600003B05DF804FB00BF000000000346006894
:108570000A46096828B911B1936843B919460846F3
:10858000704739B999680029F9D00178F7E7097877
:108590004942F4E7004B18470000000008B5826824
:1085A0008B689A4205D1044B9847B0FA80F0400995
:1085B00008BD0020FCE700BF0000000008B582688D
:1085C0002AB959B10878B0FA80F0400908BD0068AE
:1085D00009B90078F7E7024B9847F4E70120F5E77F
:1085E00000000000004B184700000000004B184737
:1085F00000000000004B184700000000004B184727
:1086000000000000004B184700000000004B184716
:1086100000000000004B184700000000004B184706
:1086200000000000004B184700000000004B1847F6
:1086300000000000004B18470000000008B5014B87
:10864000984700BF000000007047000038B5054B98
:108650009847054B9847054B9847054D054CA8474B
:10866000A047FCE700000000000000000000000040
:108670000000000000000000012838BF0120014B6D
:10868000184700BF00000000004B18470000000022
:1086900008467047004B1847000000002DE9F04FD6
:1086A000154C164E164FDFF85C8089B02546B54252
:1086B00004F1300402D309B0BDE8F08F14ED027B61
:1086C00054E90C0154E90A2354E908CE54E9069A06
:1086D00054F810BC8DED067BCDE903ABCDE901E983
:1086E000CDF800C0B84754F8300C54F80C1CC04703
:1086F00054F8303C5D65D9E7000000000000000040
:10870000000000000000000003460A46197901231A
:10871000006803FA01F103691B68194203D022B112
:1087200083681B6903E0002AFAD08368DB68184776
:10873000034670B40C46DA88006819792243012494
:1087400005698C402B6812F0010F866814BF234323
:10875000A3432B60336870BC1847000003460846EB
:10876000054A52F82310814204D042F8230008B190
:1087700043691847704700BFE8330000004B1847B3
:1087800000000000452870B504460D4619D80021A8
:108790000C4B984745B94FF480310B480B4B00EB1D
:1087A000C400BDE870401847022D01D10849F4E724
:1087B000032D01D10749F0E7012D02D14FF4C0216B
:1087C000EBE770BD000000000000000000000000AA
:1087D0001000010020000100452804D8024B03EBE3
:1087E000C000024B18477047000000000000000066
:1087F00010B5034B9847034C0A220023A04710BD35
:10880000000000000000000046210022FF20074B6E
:1088100001399A6383F83C0083F83D2083F83E20B9
:1088200083F83F2003F14003F2D170476822000033
:108830008368DB6903B118477047036840F213424D
:108840001B6A18470069836903B11847704707B569
:1088500003688DF8071001225B680DF10701984746
:1088600003B05DF804FB01207047006943691847B5
:10887000004B1847000000000049084700000000B6
:1088800037B5044600F1D4054FF0FF324FF0FF3307
:1088900028460A4988470A4B04F1800001220DF15D
:1088A000070198470446074B284698471CB19DF896
:1088B000070003B030BD4FF0FF30FAE700000000C2
:1088C000000000000000000037B5044600F1D405A8
:1088D0004FF0FF324FF0FF3328460A4988470A4BD2
:1088E00004F1800001220DF1070198470446074B6F
:1088F000284698471CB19DF8070003B030BD4FF0E3
:10890000FF30FAE700000000000000000000000057
:1089100038B5044600F16805284608494FF0FF3293
:108920004FF0FF338847228C238B646A9B1A9BB2DB
:108930002846E41A024B9847204638BD0000000044
:108940000000000070B5054600F1D4064FF0FF327C
:10895000304607494FF0FF338847B5F88A30B5F8FD
:1089600086403046E41AA4B2024B9847204670BDB8
:108970000000000000000000002337B58DF807302C
:1089800002F00F03012B0446009147D0991E4B4281
:108990004B418DF8043002F0F003202B40D0302BF7
:1089A0000CBF0323012302F47062B2F5007F8DF83F
:1089B000053037D0B2F5407F36D0B2F5807F0CBF9E
:1089C000002303238DF8063023682046DB6A98478E
:1089D00020698368DB680BB1694698472069836822
:1089E00023B19B6C13B122461049984704F1D4057A
:1089F0004FF0FF3228460E494FF0FF3388470023DF
:108A00002846C4E92133C4F88C300A4B98472069C2
:108A100083689B6A03B1984703B030BD0223B8E76F
:108A20000223C0E70123CDE70223CBE700000000CB
:108A3000000000000000000038B50446084D628BBD
:108A4000E38B9A4207D1064D206983681B6B0BB1FB
:108A5000984710B138BDA847F1E7A847F4E700BF31
:108A6000000000002DE9F84F044688461546002610
:108A7000DFF85890DFF858B004F168074FF0FF3284
:108A80004FF0FF333846C847AA1B08EB06010C4BD2
:108A900004F11400984782463846D8475644BAF144
:108AA000000F04D12069074B9847074B9847B54200
:108AB000E2D12069034B98472846BDE8F88F00BFF4
:108AC00000000000000000000000000000000000A6
:108AD000000000002DE9F3470446006983685B6CE1
:108AE00043BB04F1D4060022002330462F4DA84793
:108AF0002F4F206983685B6B13BB206983689B6978
:108B000013BB304604F168072A4EB0470022002309
:108B10003846A847628BE38B9A4204D12069836868
:108B20001B6A03B19847DFF89090DFF890A004F13A
:108B300014081BE098470028D3D102B0BDE8F087A5
:108B400098470028D9D1DCE7082269469847021ED9
:108B5000D7DD082AA8BF0822694604F18000B8477B
:108B60000028C6DACDE769464046D04720698368C9
:108B70005B6ABBB9658BE38BED1AADB27DB1082D95
:108B800028BF082569462A464046C84720698368A9
:108B90005B6923B12A4669469847021EE3DA3846E4
:108BA000B047CAE798470028E4D1F8E70000000082
:108BB00000000000000000000000000000000000B5
:108BC0000846014B184700BF0000000010B50446DE
:108BD0000122074B11465430984704F114032360D7
:108BE0000023C4E90133E36040232361204610BD24
:108BF000000000002DE9F0414FF000084FF47A77B3
:108C00000D4C0E4B0E4E0F4D04F114002361C4E9C0
:108C100001872660A84704F180000B4CA8470B4B46
:108C200004F11400C4E9018726602361A84704F118
:108C30008000A847BDE8F0810000000000000000AF
:108C4000080000000000000000000000000000001C
:0C8C500008B5FFF7FEFF08B5FFF7FEFFB8
:1000000000000000070000000000000006000000E3
:1000100000000000030000000000000000000000DD
:10002000000000000C000000000000000B000000B9
:1000300000000000010000000000000002000000BD
:1000400000000000040000000000000008000000A4
:100050000000000009000000000000000F00000088
:10006000000000000E000000000000000D00000075
:100070000000000004000000000000000500000077
:100080000000000006000000000000000700000063
:10009000000000000100000000000000000000005F
:1000A000000000000B000000000000000A0000003B
:1000B000000000000200000000000000030000003B
:1000C0000000000001000000000000000600000029
:1000D0000000000002000000000000000700000017
:1000E0000000000002000000000000000800000006
:1000F00000000000030000000000000009000000F4
:1001000000000000050000000000000004000000E6
:1001100000000000060000000000000004000000D5
:1001200000000000070000000000000006000000C2
:1001300000000000080000000000000007000000B0
:10014000000000000E000000000000000900000098
:10015000000000000F00000000000000050000008B
:100160000000000003000000000000000800000084
:100170000000000000000000000000000800000077
:100180000000000001000000000000000A00000064
:10019000000000000A000000000000000B0000004A
:1001A000000000000C000000000000000D00000036
:1001B000000000000E000000000000000F00000022
:1001C000000000000000000000000000010000002E
:1001D000000000000200000000000000030000001A
:1001E0000000000004000000000000000500000006
:1001F00000000000060000000000000007000000F2
:1002000000000000080000000000000009000000DD
:10021000000000000A000000000000000D000000C7
:1002200000000000020000000000000003000000C9
:1002300000000000000000000000000000000000BE
:1002400000000000000000000000000000000000AE
:10025000000000000000000000000000000000009E
:10026000000000000000000000000000000000008E
:10027000000000000000000000000000000000007E
:10028000000000000000000000000000000000006E
:10029000000000000000000000000000000000005E
:1002A000000000000000000000000000000000004E
:1002B000000000000000000000000000000000003E
:1002C000000000000000000000000000000000002E
:1002D000000000000000000000000000000000001E
:1002E000000000000000000000000000000000000E
:1002F00000000000000000000000000000000000FE
:080300000000000000000000F5
:1003080052656365697665643A2000556E65787054
:10031800656374656420726573706F6E73652074AD
:1003280079706500556E65787065637465642052F0
:10033800504320726573706F6E73652073697A65B8
:1003480000526573756C74206E6F742070617273DF
:1003580061626C652028636865636B2074797065D9
:100368002900525043204572726F72206E6F7420BC
:100378007061727361626C652028636865636B20C5
:10038800747970652900556E657870656374656465
:1003980020726573706F6E7365207479706500558F
:1003A8006E65787065637465642052504320726589
:1003B80073706F6E73652073697A65005265737523
:1003C8006C74206E6F74207061727361626C65204A
:1003D80028636865636B20747970652900525043FF
:1003E800204572726F72206E6F7420706172736133
:1003F800626C652028636865636B20747970652971
:10040800005F5F736166655F5F004D4355207374DD
:10041800617274696E672052504320427269646742
:100428006520636F6D6D756E69636174696F6E00C9
:1004380062726964676500242F72657365740024AD
:100448002F7365744D61784D736753697A65006DD4
:100458006F6E2F72656164006D6F6E2F77726974AD
:100468006500546869732063616C6C206973206E41
:100478006F742079657420657865637574656400A8
:10048800546869732063616C6C206973206E6F20F7
:100498006C6F6E67657220617661696C61626C650C
:1004A80000546869732063616C6C206973206E6FF7
:1004B800206C6F6E67657220617661696C61626C31
:1004C8006500546869732063616C6C206973206EE1
:1004D8006F74207965742065786563757465640048
:1004E800546869732063616C6C206973206E6F2097
:1004F8006C6F6E67657220617661696C61626C65AC
:10050800000D0A00766563746F723A3A7265736516
:1005180072766500766563746F723A3A5F4D5F7202
:10052800616E67655F696E73657274000000000034
:100538007564702F626567696E5061636B657400DE
:100548007564702F64726F705061636B65740075A9
:1005580064702F61776169745061636B65740030F2
:100568002E302E302E30007564702F636C6F7365DB
:10057800007564702F726561640054686973206344
:10058800616C6C206973206E6F74207965742065C6
:100598007865637574656400302E302E302E300017
:1005A8007564702F636F6E6E656374007564702F69
:1005B8007772697465007564702F656E6450616345
:1005C8006B65740025752E25752E25752E257500ED
:1005D80025303278253032783A2530327825303255
:1005E800783A25303278253032783A2530327825F5
:1005F8003032783A25303278253032783A25303220
:1006080078253032783A25303278253032783A25D4
:100618003032782530327800766563746F723A3AF2
:100628005F4D5F7265616C6C6F635F696E73657255
:100638007400766563746F723A3A5F4D5F726561F4
:100648006C6C6F635F696E73657274007665637452
:100658006F723A3A5F4D5F7265616C6C6F635F6988
:100668006E7365727400766563746F723A3A5F4DA3
:100678005F7265616C6C6F635F696E73657274003D
:100688006D6F6E2F636F6E6E656374656400242FE3
:1006980076657273696F6E0052656164790053798B
:1006A8007374656D204865617020656E643A202515
:1006B800700A0053797374656D2048656170207302
:1006C800746172743A2025700A00536B657463680C
:1006D80020486561702073746172743A2025702C0B
:0F06E8002073697A652025700A006D61696E00C4
:08C33800EA0300000000000010
:10C3400000000000000000000000000000000000ED
:0CC35000000000000000000000000000E1
:10C35C0000000000000000000000000000000000D1
:040000030000864D26
:00000001FF
